Matter,NonPatent,PublicationNumber,PublicationDate,Patentee,Description,Notes,CiteDate,CitedBy,OriginalURL,TranslationURL
2920951-441000,,US-20210354283-A1,,,,,,,,
2920951-441000,,US-20060222684,,,,,,,,
2920951-441000,,US-20120046296,,,,,,,,
2920951-441000,,US-20140094418,,,,,,,,
2920951-441000,,US-20140107056,,,,,,,,
2920951-441000,,US-20140107057,,,,,,,,
2920951-441000,,US-2014019437,,,,,,,,
2920951-441000,,US-20140235869,,,,,,,,
2920951-441000,,US-20140243375,,,,,,,,
2920951-441000,,US-20140243408,,,,,,,,
2920951-441000,,US-20150038440,,,,,,,,
2920951-441000,,US-20150353532,,,,,,,,
2920951-441000,,US-2015320046,,,,,,,,
2920951-441000,,US-20160052907,,,,,,,,
2920951-441000,,US-20170071207,,,,,,,,
2920951-441000,,US-20170247361,,,,,,,,
2920951-441000,,US-20170283405,,,,,,,,
2920951-441000,,US-20180153170,,,,,,,,
2920951-441000,,US-20190315728,,,,,,,,
2920951-441000,,US-20210236420,,,,,,,,
2920951-441000,,US-20220201983,,,,,,,,
2920951-441000,,US-20020045598,,,,,,,,
2920951-441000,,US-20020045653,,,,,,,,
2920951-441000,,US-20020004486-A1,,,,,,,,
2920951-441000,,US-20020010142-A1,,,,,,,,
2920951-441000,,US-20020028780-A1,,,,,,,,
2920951-441000,,US-20020035061,,,,,,,,
2920951-441000,,US-2002081292-A1,,,,,,,,
2920951-441000,,US-2003007958-A1,,,,,,,,
2920951-441000,,US-20030096822-A1,,,,,,,,
2920951-441000,,US-20030232750-A1,,,,,,,,
2920951-441000,,US-2003236203-A1,,,,,,,,
2920951-441000,,US-20040037869,,,,,,,,
2920951-441000,,US-20040077601,,,,,,,,
2920951-441000,,US-20040180034,,,,,,,,
2920951-441000,,US-20040198676-A1,,,,,,,,
2920951-441000,,US-20040234579,,,,,,,,
2920951-441000,,US-2004234580-A1,,,,,,,,
2920951-441000,,US-20050158367,,,,,,,,
2920951-441000,,US-20050032718-A1,,,,,,,,
2920951-441000,,US-20050032719-A1,,,,,,,,
2920951-441000,,US-20050084490,,,,,,,,
2920951-441000,,US-20050106202-A1,,,,,,,,
2920951-441000,,US-20050186272,,,,,,,,
2920951-441000,,US-20050203322,,,,,,,,
2920951-441000,,US-20050226908-A1,,,,,,,,
2920951-441000,,US-20050250970-A1,,,,,,,,
2920951-441000,,US-2005176657-A1,,,,,,,,
2920951-441000,,US-20060014802-A1,,,,,,,,
2920951-441000,,US-20060067954,,,,,,,,
2920951-441000,,US-20060068020,,,,,,,,
2920951-441000,,US-20060141009-A1,,,,,,,,
2920951-441000,,US-20060142624-A1,,,,,,,,
2920951-441000,,US-20060205681,,,,,,,,
2920951-441000,,US-20060205681,,,,,,,,
2920951-441000,,US-20060228399,,,,,,,,
2920951-441000,,US-20060239928-A1,,,,,,,,
2920951-441000,,US-20060264423,,,,,,,,
2920951-441000,,US-20060287257,,,,,,,,
2920951-441000,,US-2006198850-A1,,,,,,,,
2920951-441000,,US-20070026056,,,,,,,,
2920951-441000,,US-20070042013-A1,,,,,,,,
2920951-441000,,US-20070128239-A1,,,,,,,,
2920951-441000,,US-20070190130,,,,,,,,
2920951-441000,,US-20080027011,,,,,,,,
2920951-441000,,US-20080075759-A1,,,,,,,,
2920951-441000,,US-20080146640-A1,,,,,,,,
2920951-441000,,US-20080171709-A1,,,,,,,,
2920951-441000,,US-20080171768-A1,,,,,,,,
2920951-441000,,US-20080188556,,,,,,,,
2920951-441000,,US-20080194694-A1,,,,,,,,
2920951-441000,,US-20080200540,,,,,,,,
2920951-441000,,US-20080293645,,,,,,,,
2920951-441000,,US-2008306138,,,,,,,,
2920951-441000,,US-20090011007,,,,,,,,
2920951-441000,,US-20090036498,,,,,,,,
2920951-441000,,US-20090098200-A1,,,,,,,,
2920951-441000,,US-20090137524-A1,,,,,,,,
2920951-441000,,US-20090264479,,,,,,,,
2920951-441000,,US-20090312371,,,,,,,,
2920951-441000,,US-2009036458-A1,,,,,,,,
2920951-441000,,US-20100010093,,,,,,,,
2920951-441000,,US-20100035980,,,,,,,,
2920951-441000,,US-20100087497-A1,,,,,,,,
2920951-441000,,US-20100113359,,,,,,,,
2920951-441000,,US-20100120782-A1,,,,,,,,
2920951-441000,,US-20100125089-A1,,,,,,,,
2920951-441000,,US-20100144888,,,,,,,,
2920951-441000,,US-20100226943,,,,,,,,
2920951-441000,,US-20100266628-A1,,,,,,,,
2920951-441000,,US-20100304998,,,,,,,,
2920951-441000,,US-20100305056-A1,,,,,,,,
2920951-441000,,US-2010254959-A1,,,,,,,,
2920951-441000,,US-2010286154-A1,,,,,,,,
2920951-441000,,US-20110015153,,,,,,,,
2920951-441000,,US-20110039794-A1,,,,,,,,
2920951-441000,,US-20110059175,,,,,,,,
2920951-441000,,US-20110059988-A1,,,,,,,,
2920951-441000,,US-20110105976,,,,,,,,
2920951-441000,,US-20110117014-A1,,,,,,,,
2920951-441000,,US-20110144046,,,,,,,,
2920951-441000,,US-20110150780,,,,,,,,
2920951-441000,,US-20110152312-A1,,,,,,,,
2920951-441000,,US-20110165237,,,,,,,,
2920951-441000,,US-20110196011-A1,,,,,,,,
2920951-441000,,US-20110223234-A1,,,,,,,,
2920951-441000,,US-20110245191,,,,,,,,
2920951-441000,,US-20110263520,,,,,,,,
2920951-441000,,US-20110294751-A1,,,,,,,,
2920951-441000,,US-2011160218-A1,,,,,,,,
2920951-441000,,US-2011245157-A1,,,,,,,,
2920951-441000,,US-20120035122-A1,,,,,,,,
2920951-441000,,US-20120052108-A1,,,,,,,,
2920951-441000,,US-20120077765-A1,,,,,,,,
2920951-441000,,US-20120101053-A1,,,,,,,,
2920951-441000,,US-20120134975,,,,,,,,
2920951-441000,,US-20120141574-A1,,,,,,,,
2920951-441000,,US-20120196821-A1,,,,,,,,
2920951-441000,,US-20120231032-A1,,,,,,,,
2920951-441000,,US-20120238517-A1,,,,,,,,
2920951-441000,,US-20120255502-A1,,,,,,,,
2920951-441000,,US-20120277249-A1,,,,,,,,
2920951-441000,,US-20120289470-A1,,,,,,,,
2920951-441000,,US-20120316124-A1,,,,,,,,
2920951-441000,,US-20120329769-A1,,,,,,,,
2920951-441000,,US-2012071484-A1,,,,,,,,
2920951-441000,,US-2012232026-A1,,,,,,,,
2920951-441000,,US-2012238516-A1,,,,,,,,
2920951-441000,,US-20130023488-A1,,,,,,,,
2920951-441000,,US-20130046019,,,,,,,,
2920951-441000,,US-20130052250,,,,,,,,
2920951-441000,,US-20130059795-A1,,,,,,,,
2920951-441000,,US-20130090296-A1,,,,,,,,
2920951-441000,,US-20130143956-A1,,,,,,,,
2920951-441000,,US-20130197006-A1,,,,,,,,
2920951-441000,,US-20130225412,,,,,,,,
2920951-441000,,US-20130225516-A1,,,,,,,,
2920951-441000,,US-20130243886-A1,,,,,,,,
2920951-441000,,US-20130244962-A1,,,,,,,,
2920951-441000,,US-20130274302,,,,,,,,
2920951-441000,,US-20130331348-A1,,,,,,,,
2920951-441000,,US-2013065846-A1,,,,,,,,
2920951-441000,,US-2013085064-A1,,,,,,,,
2920951-441000,,US-2013203692-A1,,,,,,,,
2920951-441000,,US-2013210623-A1,,,,,,,,
2920951-441000,,US-2013281501-A1,,,,,,,,
2920951-441000,,US-20140011758-A1,,,,,,,,
2920951-441000,,US-20140079798-A1,,,,,,,,
2920951-441000,,US-20140079799-A1,,,,,,,,
2920951-441000,,US-20140079800-A1,,,,,,,,
2920951-441000,,US-20140086833-A1,,,,,,,,
2920951-441000,,US-20140107161-A1,,,,,,,,
2920951-441000,,US-20140199296-A1,,,,,,,,
2920951-441000,,US-20140206633-A1,,,,,,,,
2920951-441000,,US-20140228577-A1,,,,,,,,
2920951-441000,,US-20140235533,,,,,,,,
2920951-441000,,US-20140315794-A1,,,,,,,,
2920951-441000,,US-20140315839-A1,,,,,,,,
2920951-441000,,US-20140323559-A1,,,,,,,,
2920951-441000,,US-20140343004-A1,,,,,,,,
2920951-441000,,US-20140348787,,,,,,,,
2920951-441000,,US-20140356448-A1,,,,,,,,
2920951-441000,,US-20140363518-A1,,,,,,,,
2920951-441000,,US-20140371179,,,,,,,,
2920951-441000,,US-20140378415-A1,,,,,,,,
2920951-441000,,US-2014127320-A1,,,,,,,,
2920951-441000,,US-2014128358-A1,,,,,,,,
2920951-441000,,US-2014179623-A1,,,,,,,,
2920951-441000,,US-20150011596,,,,,,,,
2920951-441000,,US-20150038440-A1,,,,,,,,
2920951-441000,,US-20150057239-A1,,,,,,,,
2920951-441000,,US-20150086645-A1,,,,,,,,
2920951-441000,,US-20150099006-A1,,,,,,,,
2920951-441000,,US-20150111936-A1,,,,,,,,
2920951-441000,,US-20150119377,,,,,,,,
2920951-441000,,US-20150164047,,,,,,,,
2920951-441000,,US-20150164816,,,,,,,,
2920951-441000,,US-20150182562-A1,,,,,,,,
2920951-441000,,US-20150183785-A1,,,,,,,,
2920951-441000,,US-20150190417-A1,,,,,,,,
2920951-441000,,US-20150196607-A1,,,,,,,,
2920951-441000,,US-20150209355-A1,,,,,,,,
2920951-441000,,US-20150216887-A1,,,,,,,,
2920951-441000,,US-20150216888,,,,,,,,
2920951-441000,,US-20150223463,,,,,,,,
2920951-441000,,US-20150224052-A1,,,,,,,,
2920951-441000,,US-20150231069,,,,,,,,
2920951-441000,,US-20150272120-A1,,,,,,,,
2920951-441000,,US-20150291612-A1,,,,,,,,
2920951-441000,,US-20150342889-A1,,,,,,,,
2920951-441000,,US-20150359764,,,,,,,,
2920951-441000,,US-20150359825-A1,,,,,,,,
2920951-441000,,US-20150359826-A1,,,,,,,,
2920951-441000,,US-2015164864-A1,,,,,,,,
2920951-441000,,US-2015289518-A1,,,,,,,,
2920951-441000,,US-20160008436-A1,,,,,,,,
2920951-441000,,US-20160008471,,,,,,,,
2920951-441000,,US-20160016927-A1,,,,,,,,
2920951-441000,,US-20160051524-A1,,,,,,,,
2920951-441000,,US-20160082073-A1,,,,,,,,
2920951-441000,,US-20160120913-A1,,,,,,,,
2920951-441000,,US-20160120914-A1,,,,,,,,
2920951-441000,,US-2016015689-A1,,,,,,,,
2920951-441000,,US-20160165888-A1,,,,,,,,
2920951-441000,,US-20160184223-A1,,,,,,,,
2920951-441000,,US-20160193151,,,,,,,,
2920951-441000,,US-20160220505,,,,,,,,
2920951-441000,,US-20160220566,,,,,,,,
2920951-441000,,US-20160235720-A1,,,,,,,,
2920951-441000,,US-2016024026-A1,,,,,,,,
2920951-441000,,US-2016024027-A1,,,,,,,,
2920951-441000,,US-20160256442-A1,,,,,,,,
2920951-441000,,US-20160286808-A1,,,,,,,,
2920951-441000,,US-20160287728-A1,,,,,,,,
2920951-441000,,US-20160303086-A1,,,,,,,,
2920951-441000,,US-20160317439-A1,,,,,,,,
2920951-441000,,US-20160317502-A1,,,,,,,,
2920951-441000,,US-20160331789-A1,,,,,,,,
2920951-441000,,US-20160331790-A1,,,,,,,,
2920951-441000,,US-20160332975-A1,,,,,,,,
2920951-441000,,US-20160346278-A1,,,,,,,,
2920951-441000,,US-20160347829-A1,,,,,,,,
2920951-441000,,US-20160354358-A1,,,,,,,,
2920951-441000,,US-20160361297-A1,,,,,,,,
2920951-441000,,US-20160368883-A1,,,,,,,,
2920951-441000,,US-2016051519-A1,,,,,,,,
2920951-441000,,US-2016296499-A1,,,,,,,,
2920951-441000,,US-2016374994-A1,,,,,,,,
2920951-441000,,US-20170022197-A1,,,,,,,,
2920951-441000,,US-20170152250-A1,,,,,,,,
2920951-441000,,US-20170157040-A1,,,,,,,,
2920951-441000,,US-20170172971-A1,,,,,,,,
2920951-441000,,US-20170189425-A1,,,,,,,,
2920951-441000,,US-20170202968,,,,,,,,
2920951-441000,,US-2017020849-A1,,,,,,,,
2920951-441000,,US-2017020955-A1,,,,,,,,
2920951-441000,,US-20170216216,,,,,,,,
2920951-441000,,US-20170239301-A1,,,,,,,,
2920951-441000,,US-20170290766-A1,,,,,,,,
2920951-441000,,US-20170311601-A1,,,,,,,,
2920951-441000,,US-20170320873-A1,,,,,,,,
2920951-441000,,US-20170333601-A1,,,,,,,,
2920951-441000,,US-20170340779,,,,,,,,
2920951-441000,,US-20170348286-A1,,,,,,,,
2920951-441000,,US-20170348286-A1,,,,,,,,
2920951-441000,,US-20170354593-A1,,,,,,,,
2920951-441000,,US-2017135347-A1,,,,,,,,
2920951-441000,,US-2017239218-A1,,,,,,,,
2920951-441000,,US-2017360045-A1,,,,,,,,
2920951-441000,,US-2018000743-A1,,,,,,,,
2920951-441000,,US-20180155301-A1,,,,,,,,
2920951-441000,,US-20180155339-A1,,,,,,,,
2920951-441000,,US-20180169073-A1,,,,,,,,
2920951-441000,,US-20180207093-A1,,,,,,,,
2920951-441000,,US-20180221338-A1,,,,,,,,
2920951-441000,,US-20180243333-A1,,,,,,,,
2920951-441000,,US-20180251428-A1,,,,,,,,
2920951-441000,,US-20180263905-A1,,,,,,,,
2920951-441000,,US-20180271883-A1,,,,,,,,
2920951-441000,,US-20180296556-A1,,,,,,,,
2920951-441000,,US-20180340034-A1,,,,,,,,
2920951-441000,,US-20180354917-A1,,,,,,,,
2920951-441000,,US-20180361010,,,,,,,,
2920951-441000,,US-2018085352-A1,,,,,,,,
2920951-441000,,US-20190016686,,,,,,,,
2920951-441000,,US-20190071407-A1,,,,,,,,
2920951-441000,,US-20190133129-A1,,,,,,,,
2920951-441000,,US-20190166842-A1,,,,,,,,
2920951-441000,,US-20190192486-A1,,,,,,,,
2920951-441000,,US-20190200610-A1,,,,,,,,
2920951-441000,,US-20190201332-A1,,,,,,,,
2920951-441000,,US-20190269765,,,,,,,,
2920951-441000,,US-20190290474,,,,,,,,
2920951-441000,,US-20190336442-A1,,,,,,,,
2920951-441000,,US-20190343808-A1,,,,,,,,
2920951-441000,,US-20190375725-A1,,,,,,,,
2920951-441000,,US-2019070158-A1,,,,,,,,
2920951-441000,,US-2019091133-A1,,,,,,,,
2920951-441000,,US-2019105305-A1,,,,,,,,
2920951-441000,,US-2019216784-A1,,,,,,,,
2920951-441000,,US-2019375860-A1,,,,,,,,
2920951-441000,,US-20200061637-A1,,,,,,,,
2920951-441000,,US-20200000720-A1,,,,,,,,
2920951-441000,,US-20200011856-A1,,,,,,,,
2920951-441000,,US-20200030232-A1,,,,,,,,
2920951-441000,,US-20200030797-A1,,,,,,,,
2920951-441000,,US-20200031822-A1,,,,,,,,
2920951-441000,,US-20200069591-A1,,,,,,,,
2920951-441000,,US-20200113823-A1,,,,,,,,
2920951-441000,,US-20200147076-A1,,,,,,,,
2920951-441000,,US-2020022959-A1,,,,,,,,
2920951-441000,,US-20200270219-A1,,,,,,,,
2920951-441000,,US-20200282014,,,,,,,,
2920951-441000,,US-20200315172,,,,,,,,
2920951-441000,,US-20200324014-A1,,,,,,,,
2920951-441000,,US-20200331867-A1,,,,,,,,
2920951-441000,,US-20200339559-A1,,,,,,,,
2920951-441000,,US-20200383330-A1,,,,,,,,
2920951-441000,,US-2020038370-A1,,,,,,,,
2920951-441000,,US-20200390748-A1,,,,,,,,
2920951-441000,,US-20200399675-A1,,,,,,,,
2920951-441000,,US-20200405692-A1,,,,,,,,
2920951-441000,,US-2020360290-A1,,,,,,,,
2920951-441000,,US-2020390688-A1,,,,,,,,
2920951-441000,,US-20210220360-A1,,,,,,,,
2920951-441000,,US-20210022344-A1,,,,,,,,
2920951-441000,,US-20210030776-A1,,,,,,,,
2920951-441000,,US-20210061775,,,,,,,,
2920951-441000,,US-20210161867-A1,,,,,,,,
2920951-441000,,US-20210177749-A1,,,,,,,,
2920951-441000,,US-20210220393,,,,,,,,
2920951-441000,,US-20210252024,,,,,,,,
2920951-441000,,US-20210283093,,,,,,,,
2920951-441000,,US-20210353537-A1,,,,,,,,
2920951-441000,,US-20210361666,,,,,,,,
2920951-441000,,US-20210379023-A1,,,,,,,,
2920951-441000,,US-2021087164-A1,,,,,,,,
2920951-441000,,US-2021100247-A1,,,,,,,,
2920951-441000,,US-2021177808-A1,,,,,,,,
2920951-441000,,US-2021299104-A1,,,,,,,,
2920951-441000,,US-2021355139-A1,,,,,,,,
2920951-441000,,US-20220296564-A1,,,,,,,,
2920951-441000,,US-20220323421-A1,,,,,,,,
2920951-441000,,US-20220017473-A1,,,,,,,,
2920951-441000,,US-20220048874-A1,,,,,,,,
2920951-441000,,US-20220073479-A1,,,,,,,,
2920951-441000,,US-20220142984-A1,,,,,,,,
2920951-441000,,US-20220143005,,,,,,,,
2920951-441000,,US-20220153833,,,,,,,,
2920951-441000,,US-20220202938,,,,,,,,
2920951-441000,,US-20220226393-A1,,,,,,,,
2920951-441000,,US-20220241368,,,,,,,,
2920951-441000,,US-20220323472-A1,,,,,,,,
2920951-441000,,US-20220387391-A1,,,,,,,,
2920951-441000,,US-20220401357-A1,,,,,,,,
2920951-441000,,US-2022046921-A1,,,,,,,,
2920951-441000,,US-2022125924-A1,,,,,,,,
2920951-441000,,US-2022205878-A1,,,,,,,,
2920951-441000,,US-2022259176-A1,,,,,,,,
2920951-441000,,US-2022338475-A1,,,,,,,,
2920951-441000,,US-20230000082,,,,,,,,
2920951-441000,,US-20230040279,,,,,,,,
2920951-441000,,US-20230095926,,,,,,,,
2920951-441000,,US-20230146944-A1,,,,,,,,
2920951-441000,,US-20230157288,,,,,,,,
2920951-441000,,US-20230000774-A1,,,,,,,,
2920951-441000,,US-20230017661,,,,,,,,
2920951-441000,,US-20230087923,,,,,,,,
2920951-441000,,US-20230190894,,,,,,,,
2920951-441000,,US-20230233530,,,,,,,,
2920951-441000,,US-10266524,,,,,,,,
2920951-441000,,US-10287281,,,,,,,,
2920951-441000,,US-10710991,,,,,,,,
2920951-441000,,US-10869477,,,,,,,,
2920951-441000,,US-8541019,,,,,,,,
2920951-441000,,US-8628794,,,,,,,,
2920951-441000,,US-8962681,,,,,,,,
2920951-441000,,US-9204648,,,,,,,,
2920951-441000,,US-9307766,,,,,,,,
2920951-441000,,US-9339505,,,,,,,,
2920951-441000,,US-9545106,,,,,,,,
2920951-441000,,US-9682949,,,,,,,,
2920951-441000,,US-9776994,,,,,,,,
2920951-441000,,US-9913471,,,,,,,,
2920951-441000,,US-10028949,,,,,,,,
2920951-441000,,US-10064897,,,,,,,,
2920951-441000,,US-10143701,,,,,,,,
2920951-441000,,US-10155730,,,,,,,,
2920951-441000,,US-10160758,,,,,,,,
2920951-441000,,US-10188668,,,,,,,,
2920951-441000,,US-10206400,,,,,,,,
2920951-441000,,US-10212936-B2,,,,,,,,
2920951-441000,,US-10226455,,,,,,,,
2920951-441000,,US-10265373,,,,,,,,
2920951-441000,,US-10272071,,,,,,,,
2920951-441000,,US-10273213-B2,,,,,,,,
2920951-441000,,US-10300173,,,,,,,,
2920951-441000,,US-10307405-B2,,,,,,,,
2920951-441000,,US-10321683-B2,,,,,,,,
2920951-441000,,US-10349655,,,,,,,,
2920951-441000,,US-10350196-B2,,,,,,,,
2920951-441000,,US-10383854-B2,,,,,,,,
2920951-441000,,US-10433552,,,,,,,,
2920951-441000,,US-10456358-B2,,,,,,,,
2920951-441000,,US-10517294,,,,,,,,
2920951-441000,,US-10543170,,,,,,,,
2920951-441000,,US-10548890,,,,,,,,
2920951-441000,,US-10561641-B2,,,,,,,,
2920951-441000,,US-10570129-B2,,,,,,,,
2920951-441000,,US-10596156-B2,,,,,,,,
2920951-441000,,US-10646473,,,,,,,,
2920951-441000,,US-10653675,,,,,,,,
2920951-441000,,US-10662163,,,,,,,,
2920951-441000,,US-10695331-B2,,,,,,,,
2920951-441000,,US-10722448-B2,,,,,,,,
2920951-441000,,US-10736319,,,,,,,,
2920951-441000,,US-10750744,,,,,,,,
2920951-441000,,US-10750745,,,,,,,,
2920951-441000,,US-10751440,,,,,,,,
2920951-441000,,US-10766970,,,,,,,,
2920951-441000,,US-10786487-B2,,,,,,,,
2920951-441000,,US-10799483-B2,,,,,,,,
2920951-441000,,US-10844154,,,,,,,,
2920951-441000,,US-10864195B2 ,,,,,,,,
2920951-441000,,US-10894783-B2,,,,,,,,
2920951-441000,,US-10940163,,,,,,,,
2920951-441000,,US-10973759,,,,,,,,
2920951-441000,,US-10993988-B2,,,,,,,,
2920951-441000,,US-11026956-B2,,,,,,,,
2920951-441000,,US-11045466,,,,,,,,
2920951-441000,,US-11103524,,,,,,,,
2920951-441000,,US-11110195,,,,,,,,
2920951-441000,,US-11130739,,,,,,,,
2920951-441000,,US-11147764,,,,,,,,
2920951-441000,,US-11179372,,,,,,,,
2920951-441000,,US-11253593-B2,,,,,,,,
2920951-441000,,US-11285101-B2,,,,,,,,
2920951-441000,,US-11324220,,,,,,,,
2920951-441000,,US-11337917-B2,,,,,,,,
2920951-441000,,US-11357231,,,,,,,,
2920951-441000,,US-11382865,,,,,,,,
2920951-441000,,US-11478421,,,,,,,,
2920951-441000,,US-11484528-B2,,,,,,,,
2920951-441000,,US-11497732-B2,,,,,,,,
2920951-441000,,US-11505548-B2,,,,,,,,
2920951-441000,,US-11530187-B2,,,,,,,,
2920951-441000,,US-11541017,,,,,,,,
2920951-441000,,US-11548859,,,,,,,,
2920951-441000,,US-11549868,,,,,,,,
2920951-441000,,US-11559491,,,,,,,,
2920951-441000,,US-11578083,,,,,,,,
2920951-441000,,US-11583545,,,,,,,,
2920951-441000,,US-11628452-B2,,,,,,,,
2920951-441000,,US-11648238,,,,,,,,
2920951-441000,,US-11654431-B2,,,,,,,,
2920951-441000,,US-11679080,,,,,,,,
2920951-441000,,US-11723864,,,,,,,,
2920951-441000,,US-4001411,,,,,,,,
2920951-441000,,US-4051243,,,,,,,,
2920951-441000,,US-4684524,,,,,,,,
2920951-441000,,US-4704118,,,,,,,,
2920951-441000,,US-4831017,,,,,,,,
2920951-441000,,US-4853372,,,,,,,,
2920951-441000,,US-4867980,,,,,,,,
2920951-441000,,US-5036069,,,,,,,,
2920951-441000,,US-5070015,,,,,,,,
2920951-441000,,US-5211951,,,,,,,,
2920951-441000,,US-5290804,,,,,,,,
2920951-441000,,US-5411737,,,,,,,,
2920951-441000,,US-5824653A,,,,,,,,
2920951-441000,,US-5837228,,,,,,,,
2920951-441000,,US-5925374,,,,,,,,
2920951-441000,,US-6159932A,,,,,,,,
2920951-441000,,US-6165987A,,,,,,,,
2920951-441000,,US-6190591,,,,,,,,
2920951-441000,,US-6207179,,,,,,,,
2920951-441000,,US-6340672,,,,,,,,
2920951-441000,,US-6383471,,,,,,,,
2920951-441000,,US-6399786,,,,,,,,
2920951-441000,,US-6489303-B2,,,,,,,,
2920951-441000,,US-6492340,,,,,,,,
2920951-441000,,US-6503881,,,,,,,,
2920951-441000,,US-6552002,,,,,,,,
2920951-441000,,US-6596714,,,,,,,,
2920951-441000,,US-6787342-B2,,,,,,,,
2920951-441000,,US-6797701,,,,,,,,
2920951-441000,,US-6858601,,,,,,,,
2920951-441000,,US-6893652-B2,,,,,,,,
2920951-441000,,US-6974788,,,,,,,,
2920951-441000,,US-6991801,,,,,,,,
2920951-441000,,US-7001889-B2,,,,,,,,
2920951-441000,,US-7041863,,,,,,,,
2920951-441000,,US-7144878,,,,,,,,
2920951-441000,,US-7201923,,,,,,,,
2920951-441000,,US-7309759,,,,,,,,
2920951-441000,,US-7348027,,,,,,,,
2920951-441000,,US-7396819,,,,,,,,
2920951-441000,,US-7396820,,,,,,,,
2920951-441000,,US-7514464,,,,,,,,
2920951-441000,,US-7563773-B2,,,,,,,,
2920951-441000,,US-7563937,,,,,,,,
2920951-441000,,US-7608604-B2,,,,,,,,
2920951-441000,,US-7622500,,,,,,,,
2920951-441000,,US-7674475-B2,,,,,,,,
2920951-441000,,US-7687471-B2,,,,,,,,
2920951-441000,,US-7767228,,,,,,,,
2920951-441000,,US-7902232,,,,,,,,
2920951-441000,,US-7955632-B2,,,,,,,,
2920951-441000,,US-7960426,,,,,,,,
2920951-441000,,US-8044230-B2,,,,,,,,
2920951-441000,,US-8084486,,,,,,,,
2920951-441000,,US-8084643,,,,,,,,
2920951-441000,,US-8097614-B2,,,,,,,,
2920951-441000,,US-8114455-B2,,,,,,,,
2920951-441000,,US-8241669-B2,,,,,,,,
2920951-441000,,US-8313752-B2,,,,,,,,
2920951-441000,,US-8362086,,,,,,,,
2920951-441000,,US-8404649-B2,,,,,,,,
2920951-441000,,US-8410153-B2,,,,,,,,
2920951-441000,,US-8415310,,,,,,,,
2920951-441000,,US-8461176-B2,,,,,,,,
2920951-441000,,US-8466115-B2,,,,,,,,
2920951-441000,,US-8501241,,,,,,,,
2920951-441000,,US-8512787-B2,,,,,,,,
2920951-441000,,US-8551962-B2,,,,,,,,
2920951-441000,,US-8618126-B2,,,,,,,,
2920951-441000,,US-8623322,,,,,,,,
2920951-441000,,US-8642636-B2,,,,,,,,
2920951-441000,,US-8642799,,,,,,,,
2920951-441000,,US-8653128,,,,,,,,
2920951-441000,,US-8685462,,,,,,,,
2920951-441000,,US-8709440,,,,,,,,
2920951-441000,,US-8715711-B2,,,,,,,,
2920951-441000,,US-8735362,,,,,,,,
2920951-441000,,US-8754053,,,,,,,,
2920951-441000,,US-8784896,,,,,,,,
2920951-441000,,US-8790711,,,,,,,,
2920951-441000,,US-8852648-B2,,,,,,,,
2920951-441000,,US-8865240-B2,,,,,,,,
2920951-441000,,US-8895587,,,,,,,,
2920951-441000,,US-8932642,,,,,,,,
2920951-441000,,US-8940271-B2,,,,,,,,
2920951-441000,,US-8957058-B2,,,,,,,,
2920951-441000,,US-8962034,,,,,,,,
2920951-441000,,US-8980893-B2,,,,,,,,
2920951-441000,,US-8980896-B2,,,,,,,,
2920951-441000,,US-9005667,,,,,,,,
2920951-441000,,US-9016221,,,,,,,,
2920951-441000,,US-9017732,,,,,,,,
2920951-441000,,US-9034912-B1,,,,,,,,
2920951-441000,,US-9044453-B2,,,,,,,,
2920951-441000,,US-9061013-B2,,,,,,,,
2920951-441000,,US-9066945-B2,,,,,,,,
2920951-441000,,US-9073912-B2,,,,,,,,
2920951-441000,,US-9078444,,,,,,,,
2920951-441000,,US-9133172,,,,,,,,
2920951-441000,,US-9133172-B2,,,,,,,,
2920951-441000,,US-9144587,,,,,,,,
2920951-441000,,US-9149498,,,,,,,,
2920951-441000,,US-9173403,,,,,,,,
2920951-441000,,US-9173870-B2,,,,,,,,
2920951-441000,,US-9180121-B2,,,,,,,,
2920951-441000,,US-9226928-B2,,,,,,,,
2920951-441000,,US-9233100-B2,,,,,,,,
2920951-441000,,US-9237751-B2,,,,,,,,
2920951-441000,,US-9254268,,,,,,,,
2920951-441000,,US-9259417-B2,,,,,,,,
2920951-441000,,US-9265802,,,,,,,,
2920951-441000,,US-9265803,,,,,,,,
2920951-441000,,US-9283176-B2,,,,,,,,
2920951-441000,,US-9301525,,,,,,,,
2920951-441000,,US-9314478,,,,,,,,
2920951-441000,,US-9345686-B2,,,,,,,,
2920951-441000,,US-9352059,,,,,,,,
2920951-441000,,US-9364433,,,,,,,,
2920951-441000,,US-9376434-B2,,,,,,,,
2920951-441000,,US-9381155-B2,,,,,,,,
2920951-441000,,US-9393221,,,,,,,,
2920951-441000,,US-9433648,,,,,,,,
2920951-441000,,US-9433649,,,,,,,,
2920951-441000,,US-9457088,,,,,,,,
2920951-441000,,US-9480720,,,,,,,,
2920951-441000,,US-9532978-B2,,,,,,,,
2920951-441000,,US-9533961-B2,,,,,,,,
2920951-441000,,US-9549965,,,,,,,,
2920951-441000,,US-9550739-B2,,,,,,,,
2920951-441000,,US-9593126,,,,,,,,
2920951-441000,,US-9597285,,,,,,,,
2920951-441000,,US-9597361,,,,,,,,
2920951-441000,,US-9598389,,,,,,,,
2920951-441000,,US-9609869,,,,,,,,
2920951-441000,,US-9622982,,,,,,,,
2920951-441000,,US-9629888-B2,,,,,,,,
2920951-441000,,US-9649279,,,,,,,,
2920951-441000,,US-9655884-B2,,,,,,,,
2920951-441000,,US-9675073,,,,,,,,
2920951-441000,,US-9675736,,,,,,,,
2920951-441000,,US-9686988-B2,,,,,,,,
2920951-441000,,US-9714228,,,,,,,,
2920951-441000,,US-9724345,,,,,,,,
2920951-441000,,US-9744127-B2,,,,,,,,
2920951-441000,,US-9770440-B2,,,,,,,,
2920951-441000,,US-9770449,,,,,,,,
2920951-441000,,US-9776999-B2,,,,,,,,
2920951-441000,,US-9821028,,,,,,,,
2920951-441000,,US-9877950-B2,,,,,,,,
2920951-441000,,US-9931320,,,,,,,,
2920951-441000,,US-9932337-B2,,,,,,,,
2920951-441000,,US-9949953,,,,,,,,
