Matter,NonPatent,PublicationNumber,PublicationDate,Patentee,Description,Notes,CiteDate,CitedBy,OriginalURL,TranslationURL,
2920951-441000,,WO 2014039475,,,,,,,,,
2920951-441000,,WO 2022212399,,,,,,,,,
2920951-441000,,WO 2021241898,,,,,,,,,
2920951-441000,,WO 2020225143,,,,,,,,,
2920951-441000,,WO 2011104089,,,,,,,,,
2920951-441000,,WO 2022051478,,,,,,,,,
2920951-441000,,WO 2022049149,,,,,,,,,
2920951-441000,,WO 2017147352,,,,,,,,,
2920951-441000,,WO2017147352A1,,,,,,,,,
2920951-441000,,WO2017147352A1,,,,,,,,,
2920951-441000,,WO 2016002790,,,,,,,,,
2920951-441000,,WO 2015100232,,,,,,,,,
2920951-441000,,WO 2013119442,,,,,,,,,
2920951-441000,,WO2013119442A1,,,,,,,,,
2920951-441000,,WO2013119442,,,,,,,,,
2920951-441000,,WO2013119442,,,,,,,,,
2920951-441000,,WO 2013039948,,,,,,,,,
2920951-441000,,WO 2013039948,,,,,,,,,
2920951-441000,,WO 2013039948,,,,,,,,,
2920951-441000,,WO 2013039948,,,,,,,,,
2920951-441000,,WO 2013039948,,,,,,,,,
2920951-441000,,WO 2012120399,,,,,,,,,
2920951-441000,,WO 2014/053555,,,,,,,,,
2920951-441000,,WO 2020/051106,,,,,,,,,
2920951-441000,,WO2022/269042,,,,,,,,,
2920951-441000,,WO 2020054835,,,,,,,,,
2920951-441000,,WO 2009002809,,,,,,,,,
2920951-441000,,WO 2016073347,,,,,,,,,
2920951-441000,,WO 2012045700,,,,,,,,,
2920951-441000,,WO 2014079941,,,,,,,,,
2920951-441000,,WO 2014114250,,,,,,,,,
2920951-441000,,WO 2014114250,,,,,,,,,
2920951-441000,,WO 2012163948,,,,,,,,,
2920951-441000,,WO 2012163959,,,,,,,,,
2920951-441000,,WO 2012163959,,,,,,,,,
2920951-441000,,WO 2012163959,,,,,,,,,
2920951-441000,,WO 2013050302,,,,,,,,,
2920951-441000,,WO 2013026933,,,,,,,,,
2920951-441000,,WO 2013026930,,,,,,,,,
2920951-441000,,WO 2013026930,,,,,,,,,
2920951-441000,,WO 2013026930,,,,,,,,,
2920951-441000,,WO 2013026930,,,,,,,,,
2920951-441000,,WO2013116230,,,,,,,,,
2920951-441000,,WO 2013169622,,,,,,,,,
2920951-441000,,WO2013116230,,,,,,,,,
2920951-441000,,WO2020219871,,,,,,,,,
2920951-441000,,WO2020219871,,,,,,,,,
2920951-441000,,WO2012017359A1,,,,,,,,,
2920951-441000,,WO2011067272,,,,,,,,,
2920951-441000,,WO2011067272,,,,,,,,,
2920951-441000,,WO2011067272,,,,,,,,,
2920951-441000,,WO2011067272,,,,,,,,,
2920951-441000,,WO2011067272,,,,,,,,,
2920951-441000,,WO2011067272,,,,,,,,,
2920951-441000,,WO2015169723,,,,,,,,,
2920951-441000,,WO2011101229,,,,,,,,,
2920951-441000,,WO2011101402,,,,,,,,,
2920951-441000,,WO2011101402,,,,,,,,,
2920951-441000,,WO2011101402,,,,,,,,,
2920951-441000,,WO2012049327A2,,,,,,,,,
2920951-441000,,WO2012156400,,,,,,,,,
2920951-441000,,WO2013026726,,,,,,,,,
2920951-441000,,WO2013026929,,,,,,,,,
2920951-441000,,WO2013037626,,,,,,,,,
2920951-441000,,WO2013092942,,,,,,,,,
2920951-441000,,WO2013135674,,,,,,,,,
2920951-441000,,WO2014001120,,,,,,,,,
2920951-441000,,WO2014001121,,,,,,,,,
2920951-441000,,WO2014072480,,,,,,,,,
2920951-441000,,WO2014079935,,,,,,,,,
2920951-441000,,WO2014079937,,,,,,,,,
2920951-441000,,WO2014135095,,,,,,,,,
2920951-441000,,WO2014172871,,,,,,,,,
2920951-441000,,WO 2017/083326A1,,,,,,,,,
2920951-441000,,WO 2012/089622,,,,,,,,,
2920951-441000,,WO 2012/089622,,,,,,,,,
2920951-441000,,WO 2012/089622,,,,,,,,,
2920951-441000,,WO 2012/089623,,,,,,,,,
2920951-441000,,WO 2012/089623,,,,,,,,,
2920951-441000,,WO 2013/150055,,,,,,,,,
2920951-441000,,WO 2013/150055,,,,,,,,,
2920951-441000,,WO 2013/150055,,,,,,,,,
2920951-441000,,WO 2013/150055,,,,,,,,,
2920951-441000,,WO 2013/150055,,,,,,,,,
2920951-441000,,WO 2012/084852,,,,,,,,,
2920951-441000,,WO 2021233967,,,,,,,,,
2920951-441000,,WO 2021200488,,,,,,,,,
2920951-441000,,WO 2021013825,,,,,,,,,
2920951-441000,,WO 2020252269,,,,,,,,,
2920951-441000,,WO 2019236274,,,,,,,,,
2920951-441000,,WO 2019236274,,,,,,,,,
2920951-441000,,WO 2019236274,,,,,,,,,
2920951-441000,,WO 2019091936,,,,,,,,,
2920951-441000,,WO 2016164487,,,,,,,,,
2920951-441000,,WO 2016138339,,,,,,,,,
2920951-441000,,WO 2016138339,,,,,,,,,
2920951-441000,,WO 2016099929,,,,,,,,,
2920951-441000,,WO 2016018875,,,,,,,,,
2920951-441000,,WO 2016018872,,,,,,,,,
2920951-441000,,WO 2015055497,,,,,,,,,
2920951-441000,,WO 2011154433,,,,,,,,,
2920951-441000,,WO 2011104087,,,,,,,,,
2920951-441000,,WO 2022/155352,,,,,,,,,
2920951-441000,,WO 2010059719,,,,,,,,,
2920951-441000,,WO 2015132592,,,,,,,,,
2920951-441000,,WO 2011075591,,,,,,,,,
2920951-441000,,N/A,,,,,,,,,
2920951-441000,,N/A,,,,,,,,,
2920951-441000,,N/A,,,,,,,,,
2920951-441000,,WO 2004006906,,,,,,,,,
2920951-441000,,WO2022087326,,,,,,,,,
2920951-441000,,WO2022173727,,,,,,,,,
2920951-441000,,WO2017176948,,,,,,,,,
2920951-441000,,WO2015086551,,,,,,,,,
2920951-441000,,WO 2015091898,,,,,,,,,
2920951-441000,,WO2015091900A1,,,,,,,,,
2920951-441000,,WO2016102437,,,,,,,,,
2920951-441000,,WO2016102437,,,,,,,,,
2920951-441000,,WO2016207234A1,,,,,,,,,
2920951-441000,,WO 2019091940,,,,,,,,,
2920951-441000,,WO2022/258797,,,,,,,,,
2920951-441000,,WO 2019122324,,,,,,,,,
2920951-441000,,WO 2022140728,,,,,,,,,
2920951-441000,,WO 2014081800,,,,,,,,,
2920951-441000,,WO2014039422,,,,,,,,,
2920951-441000,,WO2014189837,,,,,,,,,
2920951-441000,,WO2015048371,,,,,,,,,
2920951-441000,,WO 2009024541,,,,,,,,,
2920951-441000,,WO 2009024541,,,,,,,,,
2920951-441000,,WO 2009024541,,,,,,,,,
2920951-441000,,WO 2009024541,,,,,,,,,
2920951-441000,,WO 2009024541,,,,,,,,,
2920951-441000,,WO2014/079825,,,,,,,,,
2920951-441000,,WO2014/079825,,,,,,,,,
2920951-441000,,WO2014/079825,,,,,,,,,
2920951-441000,,WO2014/079825,,,,,,,,,
2920951-441000,,WO 2015091898,,,,,,,,,
2920951-441000,,WO 2015091898,,,,,,,,,
2920951-441000,,WO2015091900A1,,,,,,,,,
2920951-441000,,WO2016102437,,,,,,,,,
2920951-441000,,WO2016207234A1,,,,,,,,,
2920951-441000,,WO2016207234A1,,,,,,,,,
2920951-441000,,WO 2019115492,,,,,,,,,
2920951-441000,,WO 2019115492,,,,,,,,,
2920951-441000,,WO2020127878A1,,,,,,,,,
2920951-441000,,WO 2020127935,,,,,,,,,
2920951-441000,,WO2021122513A1,,,,,,,,,
2920951-441000,,WO2021122515A1,,,,,,,,,
2920951-441000,,WO2021122521,,,,,,,,,
2920951-441000,,WO2017176948,,,,,,,,,
2920951-441000,,WO2017176948,,,,,,,,,
2920951-441000,,WO2018039508,,,,,,,,,
2920951-441000,,WO2018187623,,,,,,,,,
2920951-441000,,WO2018187623,,,,,,,,,
2920951-441000,,WO2012038851,,,,,,,,,
2920951-441000,,WO2012127347,,,,,,,,,
2920951-441000,,WO 2021174069,,,,,,,,,
2920951-441000,,WO2015071668,,,,,,,,,
2920951-441000,,WO2022171150,,,,,,,,,
2920951-441000,,WO 2018004906,,,,,,,,,
2920951-441000,,none,,,,,,,,,
2920951-441000,,WO 2005013714,,,,,,,,,
2920951-441000,,WO 2005013714,,,,,,,,,
2920951-441000,,WO 2005013714,,,,,,,,,
2920951-441000,,WO 2013057624,,,,,,,,,
2920951-441000,,WO2016209635,,,,,,,,,
2920951-441000,,WO2020112374,,,,,,,,,
2920951-441000,,WO2013126694,,,,,,,,,
2920951-441000,,WO2013126694,,,,,,,,,
2920951-441000,,WO2013126694,,,,,,,,,
2920951-441000,,WO2011123773,,,,,,,,,
2920951-441000,,WO2011123773,,,,,,,,,
2920951-441000,,WO2004089239,,,,,,,,,
2920951-441000,,WO2008096231,,,,,,,,,
2920951-441000,,WO2008096231,,,,,,,,,
2920951-441000,,WO2006134466A1,,,,,,,,,
2920951-441000,,WO2006134466A1,,,,,,,,,
2920951-441000,,WO2006134466A1,,,,,,,,,
2920951-441000,,WO2006134466A1,,,,,,,,,
2920951-441000,,WO2008102232,,,,,,,,,
2920951-441000,,WO2008102232,,,,,,,,,
2920951-441000,,WO2012028556,,,,,,,,,
2920951-441000,,WO2018104150,,,,,,,,,
2920951-441000,,WO2019021191,,,,,,,,,
2920951-441000,,WO2019021191,,,,,,,,,
2920951-441000,,WO2010126857,,,,,,,,,
2920951-441000,,WO2015127089,,,,,,,,,
2920951-441000,,WO2004016252,,,,,,,,,
2920951-441000,,WO2008072985,,,,,,,,,
2920951-441000,,N/A,,,,,,,,,
2920951-441000,,WO2016073991,,,,,,,,,
2920951-441000,,WO2011054066,,,,,,,,,
2920951-441000,,N/A,,,,,,,,,
2920951-441000,,N/A,,,,,,,,,
2920951-441000,,WO2014033230,,,,,,,,,
2920951-441000,,WO2013037650,,,,,,,,,
2920951-441000,,WO2013037650,,,,,,,,,
2920951-441000,,WO2008134819,,,,,,,,,
2920951-441000,,WO2004105504,,,,,,,,,
2920951-441000,,WO2004012521,,,,,,,,,
2920951-441000,,WO2010071218,,,,,,,,,
2920951-441000,,WO2013129688,,,,,,,,,
2920951-441000,,WO2013129688,,,,,,,,,
2920951-441000,,WO2013129688,,,,,,,,,
2920951-441000,,WO2013129688,,,,,,,,,
2920951-441000,,WO2001060380,,,,,,,,,
2920951-441000,,WO2001060380,,,,,,,,,
2920951-441000,,WO1999018796,,,,,,,,,
2920951-441000,,WO 2022230804,,,,,,,,,
2920951-441000,,WO 2022124342,,,,,,,,,
2920951-441000,,WO 2021113419,,,,,,,,,
2920951-441000,,WO 2021054315,,,,,,,,,
2920951-441000,,WO 2019176676,,,,,,,,,
2920951-441000,,WO 2018177970,,,,,,,,,
2920951-441000,,WO 2014086750,,,,,,,,,
2920951-441000,,WO 2022033553,,,,,,,,,
2920951-441000,,WO 2018178322,,,,,,,,,
2920951-441000,,WO 2020012044,,,,,,,,,
2920951-441000,,WO 2017201010,,,,,,,,,
2920951-441000,,WO 2010109214,,,,,,,,,
2920951-441000,,N/A,,,,,,,,,
2920951-441000,,N/A,,,,,,,,,
2920951-441000,,WO 2011027333,,,,,,,,,
2920951-441000,,WO 2011027333,,,,,,,,,
2920951-441000,,WO 2009064859,,,,,,,,,
2920951-441000,,WO 2009064859,,,,,,,,,
2920951-441000,,WO 2009064859,,,,,,,,,
2920951-441000,,WO 2009064859,,,,,,,,,
2920951-441000,,WO 2009064859,,,,,,,,,
2920951-441000,,WO 2003030653,,,,,,,,,
2920951-441000,,WO 2020069138,,,,,,,,,
2920951-441000,,WO 2019034763,,,,,,,,,
2920951-441000,,WO 2017216541,,,,,,,,,
2920951-441000,,WO 2016161369,,,,,,,,,
2920951-441000,,WO 2014074289,,,,,,,,,
2920951-441000,,N/A,,,,,,,,,
2920951-441000,,WO 2011075592,,,,,,,,,
2920951-441000,,WO 2009062939,,,,,,,,,
2920951-441000,,WO 2009018198,,,,,,,,,
2920951-441000,,WO 2007075827,,,,,,,,,
2920951-441000,,WO 2007075827,,,,,,,,,
2920951-441000,,WO 2004000034,,,,,,,,,
2920951-441000,,N/A,,,,,,,,,
2920951-441000,,N/A,,,,,,,,,
2920951-441000,,N/A,,,,,,,,,
2920951-441000,,N/A,,,,,,,,,
2920951-441000,,,,,,,,,,,
2920951-441000,,WO 2009047584,,,,,,,,,
2920951-441000,,WO 2009035908,,,,,,,,,
2920951-441000,,WO 2004052400,,,,,,,,,
2920951-441000,,WO 2003086469,,,,,,,,,
2920951-441000,,N/A,,,,,,,,,
2920951-441000,,WO 2001060409,,,,,,,,,
2920951-441000,,WO 98/06407,,,,,,,,,
2920951-441000,,WO 9638165,,,,,,,,,
2920951-441000,,N/A,,,,,,,,,
2920951-441000,,N/A,,,,,,,,,
2920951-441000,,N/A,,,,,,,,,
2920951-441000,,WO1998012196,,,,,,,,,
2920951-441000,,WO2005072536,,,,,,,,,
2920951-441000,,N/A,,,,,,,,,
2920951-441000,,N/A,,,,,,,,,
2920951-441000,,WO2014132227,,,,,,,,,
2920951-441000,,WO2014132227,,,,,,,,,
2920951-441000,,N/A,,,,,,,,,
2920951-441000,,WO2020222187,,,,,,,,,
2920951-441000,,WO2004069242,,,,,,,,,
2920951-441000,,N/A,,,,,,,,,
2920951-441000,,N/A,,,,,,,,,
2920951-441000,,N/A,,,,,,,,,
2920951-441000,,N/A,,,,,,,,,
2920951-441000,,WO2010021555,,,,,,,,,
2920951-441000,,WO2014141223,,,,,,,,,
2920951-441000,,WO2014141223,,,,,,,,,
2920951-441000,,WO2016191389,,,,,,,,,
2920951-441000,,N/A,,,,,,,,,
2920951-441000,,WO2012049156,,,,,,,,,
2920951-441000,,WO2014095845,,,,,,,,,
2920951-441000,,WO2014095845,,,,,,,,,
2920951-441000,,WO2009018186,,,,,,,,,
2920951-441000,,WO2009018186,,,,,,,,,
2920951-441000,,WO2015095185,,,,,,,,,
2920951-441000,,WO2015095185,,,,,,,,,
2920951-441000,,WO2020231372,,,,,,,,,
2920951-441000,,WO2007097936,,,,,,,,,
2920951-441000,,WO2007097936,,,,,,,,,
2920951-441000,,N/A,,,,,,,,,
2920951-441000,,N/A,,,,,,,,,
2920951-441000,,WO2016196401,,,,,,,,,
2920951-441000,,WO2007090721,,,,,,,,,
2920951-441000,,WO2021078412,,,,,,,,,
2920951-441000,,WO2005081612,,,,,,,,,
2920951-441000,,WO9523590,,,,,,,,,
2920951-441000,,N/A,,,,,,,,,
2920951-441000,,WO2000030625,,,,,,,,,
2920951-441000,,WO199818610,,,,,,,,,
2920951-441000,,N/A,,,,,,,,,
2920951-441000,,WO2014117236,,,,,,,,,
2920951-441000,,N/A,,,,,,,,,
2920951-441000,,WO2009151646,,,,,,,,,
2920951-441000,,WO2009151646,,,,,,,,,
2920951-441000,,WO2009151646,,,,,,,,,
2920951-441000,,WO2011098579,,,,,,,,,
2920951-441000,,WO2011098579,,,,,,,,,
2920951-441000,,WO2011098579,,,,,,,,,
2920951-441000,,N/A,,,,,,,,,
2920951-441000,,N/A,,,,,,,,,
2920951-441000,,WO2012148799,,,,,,,,,
2920951-441000,,WO2012148799,,,,,,,,,
2920951-441000,,WO2012148799,,,,,,,,,
2920951-441000,,WO2012148799,,,,,,,,,
2920951-441000,,WO2012148799,,,,,,,,,
2920951-441000,,WO2021119464,,,,,,,,,
2920951-441000,,WO2005016358,,,,,,,,,
2920951-441000,,WO2005016357,,,,,,,,,
2920951-441000,,WO2022119840,,,,,,,,,
2920951-441000,,WO2011109809,,,,,,,,,
2920951-441000,,WO2011109809,,,,,,,,,
2920951-441000,,WO1998040401,,,,,,,,,
2920951-441000,,WO1998040401,,,,,,,,,
2920951-441000,,WO1998040401,,,,,,,,,
2920951-441000,,WO2017151971,,,,,,,,,
2920951-441000,,WO2000/021504,,,,,,,,,
2920951-441000,,WO2021078126,,,,,,,,,
2920951-441000,,WO2006120495A1,,,,,,,,,
2920951-441000,,WO2006120495A1,,,,,,,,,
2920951-441000,,WO2004014143,,,,,,,,,
2920951-441000,,WO2021111143,,,,,,,,,
2920951-441000,,N/A,,,,,,,,,
2920951-441000,,N/A,,,,,,,,,
2920951-441000,,N/A,,,,,,,,,
2920951-441000,,WO1996/014068A1,,,,,,,,,
2920951-441000,,WO2010054042,,,,,,,,,
2920951-441000,,WO2014108571A2,,,,,,,,,
2920951-441000,,WO2014108571A2,,,,,,,,,
2920951-441000,,WO2014108571A2,,,,,,,,,
2920951-441000,,WO2014108571A2,,,,,,,,,
2920951-441000,,N/A,,,,,,,,,
2920951-441000,,WO2014049447,,,,,,,,,
2920951-441000,,WO2014049447,,,,,,,,,
2920951-441000,,WO2014049447,,,,,,,,,
2920951-441000,,WO2014049447,,,,,,,,,
2920951-441000,,WO2014049447,,,,,,,,,
2920951-441000,,WO2014049447,,,,,,,,,
2920951-441000,,WO2014049447,,,,,,,,,
2920951-441000,,WO2014049447,,,,,,,,,
2920951-441000,,WO2014049447,,,,,,,,,
2920951-441000,,WO2014049447,,,,,,,,,
2920951-441000,,WO2014049447,,,,,,,,,
2920951-441000,,WO2014049447,,,,,,,,,
2920951-441000,,WO2014049447,,,,,,,,,
2920951-441000,,WO2014049447,,,,,,,,,
2920951-441000,,WO2014049447,,,,,,,,,
2920951-441000,,WO2014049447,,,,,,,,,
2920951-441000,,WO2014049447,,,,,,,,,
2920951-441000,,N/A,,,,,,,,,
2920951-441000,,N/A,,,,,,,,,
2920951-441000,,N/A,,,,,,,,,
2920951-441000,,WO2008005276,,,,,,,,,
2920951-441000,,WO2019028133,,,,,,,,,
2920951-441000,,WO2008148027,,,,,,,,,
2920951-441000,,WO2012032360,,,,,,,,,
2920951-441000,,WO2012032360,,,,,,,,,
2920951-441000,,WO2020181100,,,,,,,,,
2920951-441000,,WO2020181100,,,,,,,,,
2920951-441000,,WO2019236656,,,,,,,,,
2920951-441000,,WO2005090967,,,,,,,,,
2920951-441000,,WO2017021992,,,,,,,,,
2920951-441000,,WO2017087941,,,,,,,,,
2920951-441000,,WO2020139291,,,,,,,,,
2920951-441000,,WO2002078714,,,,,,,,,
2920951-441000,,WO2017117627,,,,,,,,,
2920951-441000,,WO2007115381,,,,,,,,,
2920951-441000,,WO2004062600,,,,,,,,,
2920951-441000,,WO2008133982,,,,,,,,,
2920951-441000,,WO2009111040,,,,,,,,,
2920951-441000,,WO2000/059475,,,,,,,,,
2920951-441000,,WO2010141596,,,,,,,,,
2920951-441000,,WO2005079759,,,,,,,,,
2920951-441000,,WO2018141063,,,,,,,,,
2920951-441000,,WO2018141063,,,,,,,,,
2920951-441000,,WO2006036625,,,,,,,,,
2920951-441000,,WO2006036624,,,,,,,,,
2920951-441000,,N/A,,,,,,,,,
2920951-441000,,WO2009040818,,,,,,,,,
2920951-441000,,WO2009040818,,,,,,,,,
2920951-441000,,N/A,,,,,,,,,
2920951-441000,,N/A,,,,,,,,,
2920951-441000,,WO2018090100,,,,,,,,,
2920951-441000,,WO2018053029,,,,,,,,,
2920951-441000,,WO2018053029,,,,,,,,,
2920951-441000,,N/A,,,,,,,,,
2920951-441000,,N/A,,,,,,,,,
2920951-441000,,WO2016111725,,,,,,,,,
2920951-441000,,WO2011127200,,,,,,,,,
2920951-441000,,WO2011127200,,,,,,,,,
2920951-441000,,WO2004004658,,,,,,,,,
2920951-441000,,WO2004004658,,,,,,,,,
2920951-441000,,WO2013082373A1,,,,,,,,,
2920951-441000,,N/A,,,,,,,,,
2920951-441000,,WO2000030449,,,,,,,,,
2920951-441000,,WO2006089082,,,,,,,,,
2920951-441000,,WO2006089082,,,,,,,,,
2920951-441000,,WO2007067470,,,,,,,,,
2920951-441000,,WO2008151214,,,,,,,,,
2920951-441000,,WO2010042395,,,,,,,,,
2920951-441000,,WO2010116267A1,,,,,,,,,
2920951-441000,,WO2014169092,,,,,,,,,
2920951-441000,,WO2008/076259,,,,,,,,,
2920951-441000,,WO2008076256A1,,,,,,,,,
2920951-441000,,WO 2009053466,,,,,,,,,
2920951-441000,,WO2010106046,,,,,,,,,
2920951-441000,,WO2011048040A1,,,,,,,,,
2920951-441000,,WO 2011161209,,,,,,,,,
2920951-441000,,WO2017108954,,,,,,,,,
2920951-441000,,WO2007024719,,,,,,,,,
2920951-441000,,WP2010056999,,,,,,,,,
2920951-441000,,WO2010120195A1,,,,,,,,,
2920951-441000,,WO2013082373A1,,,,,,,,,
2920951-441000,,WO2018148392A1,,,,,,,,,
2920951-441000,,WO2020150032,,,,,,,,,
2920951-441000,,WO2021242481,,,,,,,,,
2920951-441000,,N/A,,,,,,,,,
2920951-441000,,N/A,,,,,,,,,
2920951-441000,,N/A,,,,,,,,,
2920951-441000,,N/A,,,,,,,,,
2920951-441000,,N/A,,,,,,,,,
2920951-441000,,N/A,,,,,,,,,
2920951-441000,,WO 1999047073,,,,,,,,,
2920951-441000,,WO1999027906A1,,,,,,,,,
2920951-441000,,WO1993018779,,,,,,,,,
2920951-441000,,WO1993001799A1,,,,,,,,,
2920951-441000,,WO2019245891,,,,,,,,,
2920951-441000,,WO1999063824,,,,,,,,,
2920951-441000,,WO 2016078758,,,,,,,,,
2920951-441000,,WO 2016078765,,,,,,,,,
2920951-441000,,WO2005099692A1,,,,,,,,,
2920951-441000,,WO2019157241,,,,,,,,,
2920951-441000,,N/A,,,,,,,,,
2920951-441000,,N/A,,,,,,,,,
2920951-441000,,WO 2007012180,,,,,,,,,
2920951-441000,,WO 2009067797,,,,,,,,,
2920951-441000,,WO 2009067797,,,,,,,,,
2920951-441000,,WO2010148488,,,,,,,,,
2920951-441000,,WO 2017036577,,,,,,,,,
2920951-441000,,WO2009063044,,,,,,,,,
2920951-441000,,WO2020161105,,,,,,,,,
2920951-441000,,WO2020/041549,,,,,,,,,
2920951-441000,,WO2018/195530,,,,,,,,,
2920951-441000,,WO2023/122523 ,,,,,,,,,
2920951-441000,,WO2023122525A1,,,,,,,,,
2920951-441000,,WO2023122526A1,,,,,,,,,
2920951-441000,,WO2023114564A1,,,,,,,,,
2920951-441000,,WO2023118558A1 ,,,,,,,,,
2920951-441000,,WO2023118557A1,,,,,,,,,
2920951-441000,,WO2023118553A1,,,,,,,,,
2920951-441000,,WO2023118426A1,,,,,,,,,
2920951-441000,,WO2023118394A1,,,,,,,,,
2920951-441000,,WO2023111157A1,,,,,,,,,
2920951-441000,,WO2023111148A1,,,,,,,,,
2920951-441000,,WO2023118555A1,,,,,,,,,
2920951-441000,,WO2023117900A1,,,,,,,,,
2920951-441000,,WO2023131615A1,,,,,,,,,
2920951-441000,,US20150209355A1,,,,,,,,,
2920951-441000,,US20220323472A1,,,,,,,,,
2920951-441000,,published in Korea as KR2021005334,,,,,,,,,
2920951-441000,,US2022/0296564A1,,,,,,,,,
2920951-441000,,US20140206633A1,,,,,,,,,
2920951-441000,,ELANCO,,,,,,,,,
2920951-441000,,ELANCO,,,,,,,,,
2920951-441000,,US2017239218A1,,,,,,,,,
2920951-441000,,US2020038370A1,,,,,,,,,
2920951-441000,," 17/938,063 (filed October 5, 2022, not yet published)",,,,,,,,,
2920951-441000,,US2017135347A1,,,,,,,,,
2920951-441000,,US2016296499A1,,,,,,,,,
2920951-441000,,US2013203692A1,,,,,,,,,
2920951-441000,,US2015164864A1,,,,,,,,,
2920951-441000,,US2016374994A1,,,,,,,,,
2920951-441000,,US2019105305A1,,,,,,,,,
2920951-441000,,US2013065846A1,,,,,,,,,
2920951-441000,,US2016051519A1,,,,,,,,,
2920951-441000,,US2017020849A1,,,,,,,,,
2920951-441000,,US2019216784A1,,,,,,,,,
2920951-441000,,US20230087923,,,,,,,,,
2920951-441000,,US2012232026A1,,,,,,,,,
2920951-441000,,No US national phase entry,,,,,,,,,
2920951-441000,,"US2021/0220360A1
See previous memo",,,,,,,,,
2920951-441000,,"none yet - 30-month date is December 26, 2023;  EPO was designated on 28 Feb. 2023",,,,,,,,,
2920951-441000,,US2022046921A1,,,,,,,,,
2920951-441000,,US2010254959A1,,,,,,,,,
2920951-441000,,US20170354593A1,,,,,,,,,
2920951-441000,,US2014128358A1,,,,,,,,,
2920951-441000,,US 2015320046,,,,,,,,,
2920951-441000,,US 20150353532,,,,,,,,,
2920951-441000,,US 20170283405,,,,,,,,,
2920951-441000,,US 20140107057,,,,,,,,,
2920951-441000,,US 20140107056,,,,,,,,,
2920951-441000,,US 20170071207,,,,,,,,,
2920951-441000,,US 20180153170,,,,,,,,,
2920951-441000,,US 20140243375,,,,,,,,,
2920951-441000,,US 2014019437,,,,,,,,,
2920951-441000,,US 20140235869,,,,,,,,,
2920951-441000,,US 20160052907,,,,,,,,,
2920951-441000,,US 20170247361,,,,,,,,,
2920951-441000,,US 20190315728,,,,,,,,,
2920951-441000,,US 20150038440,,,,,,,,,
2920951-441000,,US20150119377,,,,,,,,,
2920951-441000,,US20150038440A1,,,,,,,,,
2920951-441000,,US20200339559A1,,,,,,,,,
2920951-441000,,US2023/0146944A1,,,,,,,,,
2920951-441000,,US20120035122A1,,,,,,,,,
2920951-441000,,US20120238517A1,,,,,,,,,
2920951-441000,,US20140228577A1,,,,,,,,,
2920951-441000,,US20170152250A1,,,,,,,,,
2920951-441000,,US20190166842A1,,,,,,,,,
2920951-441000,,US20200383330A1,,,,,,,,,
2920951-441000,,US2023/0000082,,,,,,,,,
2920951-441000,,No national phase entries,,,,,,,,,
2920951-441000,,US20120329769A1,,,,,,,,,
2920951-441000,,US20120316124A1,,,,,,,,,
2920951-441000,,US20160368883A1,,,,,,,,,
2920951-441000,,US20190071407A1,,,,,,,,,
2920951-441000,,No national phase entries,,,,,,,,,
2920951-441000,,US20140107161A1,,,,,,,,,
2920951-441000,,US20140235533,,,,,,,,,
2920951-441000,,No national phase entries,,,,,,,,,
2920951-441000,,US20140378415A1,,,,,,,,,
2920951-441000,,No national phase entries,,,,,,,,,
2920951-441000,,No national phase entries,,,,,,,,,
2920951-441000,,No national phase entries,,,,,,,,,
2920951-441000,,No national phase entries,,,,,,,,,
2920951-441000,,US20150272120A1,,,,,,,,,
2920951-441000,,No national phase entries,,,,,,,,,
2920951-441000,,US20160286808A1,,,,,,,,,
2920951-441000,,US20160016927A1,,,,,,,,,
2920951-441000,,No national phase entries,,,,,,,,,
2920951-441000,,US2019091133A1,,,,,,,,,
2920951-441000,,US2013281501A1,,,,,,,,,
2920951-441000,,US2016015689A1,,,,,,,,,
2920951-441000,,US2018085352A1,,,,,,,,,
2920951-441000,,US20130274302,,,,,,,,,
2920951-441000,,US20150011596,,,,,,,,,
2920951-441000,,US20150057239A1,,,,,,,,,
2920951-441000,,US20190201332A1,,,,,,,,,
2920951-441000,,US20170290766A1,,,,,,,,,
2920951-441000,,US20210177749A1,,,,,,,,,
2920951-441000,,US20220142984A1,,,,,,,,,
2920951-441000,,US2014179623A1,,,,,,,,,
2920951-441000,,No U.S. national phase entry,,,,,,,,,
2920951-441000,,US2023/0157288,,,,,,,,,
2920951-441000,,"US2022/0323421A1;
*Continue to monitor; no US office actions as of August 09, 2023",,,,,,,,,
2920951-441000,,US2020390688A1,,,,,,,,,
2920951-441000,,US20190375725A1,,,,,,,,,
2920951-441000,,US2021087164A1,,,,,,,,,
2920951-441000,,US2022259176A1,,,,,,,,,
2920951-441000,,US2021177808A1,,,,,,,,,
2920951-441000,,US2021299104A1,,,,,,,,,
2920951-441000,,US20160256442A1,,,,,,,,,
2920951-441000,,US2020022959A1,,,,,,,,,
2920951-441000,,US2017360045A1,,,,,,,,,
2920951-441000,,US2016024027A1,,,,,,,,,
2920951-441000,,US2016024026A1,,,,,,,,,
2920951-441000,,Abandoned,,,,,,,,,
2920951-441000,,US2013210623A1,,,,,,,,,
2920951-441000,,US2013085064A1,,,,,,,,,
2920951-441000,,No US national stage entry yet,,,,,,,,,
2920951-441000,,US2011245157A1,,,,,,,,,
2920951-441000,,N/A,,,,,,,,,
2920951-441000,,US20110152312A1,,,,,,,,,
2920951-441000,,US20140315794A1,,,,,,,,,
2920951-441000,,US20150183785A1,,,,,,,,,
2920951-441000,,US20170022197A1,,,,,,,,,
2920951-441000,,N/A,,,,,,,,,
2920951-441000,,no U.S. nat'l phase entry,,,,,,,,,
2920951-441000,,no U.S. nat'l phase entry yet,,,,,,,,,
2920951-441000,,US20210022344A1,,,,,,,,,
2920951-441000,,US20160303086A1,,,,,,,,,
2920951-441000,,US20210353537A1,,,,,,,,,
2920951-441000,,US20190192486A1,,,,,,,,,
2920951-441000,,US20170348286A1,,,,,,,,,
2920951-441000,,US20200405692A1,,,,,,,,,
2920951-441000,, US20210354283A1,,,,,,,,,
2920951-441000,,US20200331867A1,,,,,,,,,
2920951-441000,,Still at int'l stage; no nat'l stage entries yet,,,,,,,,,
2920951-441000,,US20200390748A1,,,,,,,,,
2920951-441000,,US 20220201983,,,,,,,,,
2920951-441000,,US20150291612A1,,,,,,,,,
2920951-441000,,US20150223463,,,,,,,,,
2920951-441000,,US20210379023A1,,,,,,,,,
2920951-441000,,US20160235720A1,,,,,,,,,
2920951-441000,,US20110059988A1,,,,,,,,,
2920951-441000,,US20150111936A1,,,,,,,,,
2920951-441000,,US20160332975A1,,,,,,,,,
2920951-441000,,US20180155301A1,,,,,,,,,
2920951-441000,,US20210061775,,,,,,,,,
2920951-441000,,US20170157040A1,,,,,,,,,
2920951-441000,,US20180263905A1,,,,,,,,,
2920951-441000,,US20190336442A1,,,,,,,,,
2920951-441000,,US 20210236420,,,,,,,,,
2920951-441000,,US20160317439A1,,,,,,,,,
2920951-441000,,US20200000720A1,,,,,,,,,
2920951-441000,,US20160317502A1,,,,,,,,,
2920951-441000,,US20170348286A1,,,,,,,,,
2920951-441000,,US20180169073A1,,,,,,,,,
2920951-441000,,US20190343808A1,,,,,,,,,
2920951-441000,,US20210161867A1,,,,,,,,,
2920951-441000,,US20230233530,,,,,,,,,
2920951-441000,,US20220048874A1,,,,,,,,,
2920951-441000,,US20220073479A1,,,,,,,,,
2920951-441000,,No US national phase entry,,,,,,,,,
2920951-441000,,US2023/0095926,,,,,,,,,
2920951-441000,,No US national phase entry,,,,,,,,,
2920951-441000,,US20170311601A1,,,,,,,,,
2920951-441000,,US20190133129A1,,,,,,,,,
2920951-441000,,No US national phase entry,,,,,,,,,
2920951-441000,,US20180354917A1,,,,,,,,,
2920951-441000,,US20200270219A1,,,,,,,,,
2920951-441000,,US20120077765A1,,,,,,,,,
2920951-441000,,US20140011758A1,,,,,,,,,
2920951-441000,,US2022205878A1,,,,,,,,,
2920951-441000,,No US nat'l stage entry,,,,,,,,,
2920951-441000,,No US national phase entry yet,,,,,,,,,
2920951-441000,,US2018000743A1,,,,,,,,,
2920951-441000,,US2019375860A1,,,,,,,,,
2920951-441000,,US 20120046296,,,,,,,,,
2920951-441000,,US 20140094418,,,,,,,,,
2920951-441000,,US 20060222684,,,,,,,,,
2920951-441000,,US 20140243408,,,,,,,,,
2920951-441000,,US20200031822A1,,,,,,,,,
2920951-441000,,US20220017473A1,,,,,,,,,
2920951-441000,,US20130225516A1,,,,,,,,,
2920951-441000,,US20160361297A1,,,,,,,,,
2920951-441000,,US20180221338A1,,,,,,,,,
2920951-441000,,US20110245191,,,,,,,,,
2920951-441000,,US20160220566,,,,,,,,,
2920951-441000,,US20040198676A1,,,,,,,,,
2920951-441000,,US20080194694A1,,,,,,,,,
2920951-441000,,US20100010093,,,,,,,,,
2920951-441000,,US20090312371,,,,,,,,,
2920951-441000,,US20060014802A1,,,,,,,,,
2920951-441000,,US20090137524A1,,,,,,,,,
2920951-441000,,US20110196011A1,,,,,,,,,
2920951-441000,,US20080200540,,,,,,,,,
2920951-441000,,US20100035980,,,,,,,,,
2920951-441000,,No U.S. nat'l phase entry,,,,,,,,,
2920951-441000,,US20200069591A1,,,,,,,,,
2920951-441000,,US20200030232A1,,,,,,,,,
2920951-441000,,US20220401357A1,,,,,,,,,
2920951-441000,,No national phase entries,,,,,,,,,
2920951-441000,,US20160354358A1,,,,,,,,,
2920951-441000,,US20040037869,,,,,,,,,
2920951-441000,,"No US national phase entry - entered Australia, NZ, and Brazil",,,,,,,,,
2920951-441000,,US20100226943,,,,,,,,,
2920951-441000,,US20150164047,,,,,,,,,
2920951-441000,,US20120231032A1,,,,,,,,,
2920951-441000,,US20150216888,,,,,,,,,
2920951-441000,,US20100144888,,,,,,,,,
2920951-441000,,Only entered national phase in Canada (CA2883139),,,,,,,,,
2920951-441000,,US20140343004A1,,,,,,,,,
2920951-441000,,US20150216887A1,,,,,,,,,
2920951-441000,,Only nationalized in Australia and New Zealand,,,,,,,,,
2920951-441000,,US20040234579,,,,,,,,,
2920951-441000,,Only nationalized in Australia,,,,,,,,,
2920951-441000,,US20110263520,,,,,,,,,
2920951-441000,,US20140315839A1,,,,,,,,,
2920951-441000,,US20160165888A1,,,,,,,,,
2920951-441000,,US20190200610A1,,,,,,,,,
2920951-441000,,US20200315172,,,,,,,,,
2920951-441000,,US20020010142A1,,,,,,,,,
2920951-441000,,N/A,,,,,,,,,
2920951-441000,,Only nationalized in Australia,,,,,,,,,
2920951-441000,,,,,,,,,,,
2920951-441000,,No U.S. national phase entry,,,,,,,,,
2920951-441000,,US2023/0040279,,,,,,,,,
2920951-441000,,US2022338475A1,,,,,,,,,
2920951-441000,,US2021100247A1,,,,,,,,,
2920951-441000,,US2021355139A1,,,,,,,,,
2920951-441000,,US2015289518A1,,,,,,,,,
2920951-441000,,N/A,,,,,,,,,
2920951-441000,,N/A,,,,,,,,,
2920951-441000,,N/A,,,,,,,,,
2920951-441000,,US2019070158A1,,,,,,,,,
2920951-441000,,US2012071484A1,,,,,,,,,
2920951-441000,,Issued before publication,,,,,,,,,
2920951-441000,,Issued before publication,,,,,,,,,
2920951-441000,,US2012238516A1,,,,,,,,,
2920951-441000,,US2022125924A1,,,,,,,,,
2920951-441000,,US20080075759A1,,,,,,,,,
2920951-441000,,US20110223234A1,,,,,,,,,
2920951-441000,,US20120141574A1,,,,,,,,,
2920951-441000,,US20130331348A1,,,,,,,,,
2920951-441000,,US20150224052A1,,,,,,,,,
2920951-441000,,US2004234580A1,,,,,,,,,
2920951-441000,,Abandoned,,,,,,,,,
2920951-441000,,US2020360290A1,,,,,,,,,
2920951-441000,,Abandoned,,,,,,,,,
2920951-441000,,US2017020955A1,,,,,,,,,
2920951-441000,,US2014127320A1,,,,,,,,,
2920951-441000,,US20120255502A1,,,,,,,,,
2920951-441000,,US2011160218A1,,,,,,,,,
2920951-441000,,US2010286154A1,,,,,,,,,
2920951-441000,,US2009036458A1,,,,,,,,,
2920951-441000,,US20060205681,,,,,,,,,
2920951-441000,,US20060205681,,,,,,,,,
2920951-441000,,US2005176657A1,,,,,,,,,
2920951-441000,,US2003236203A1,,,,,,,,,
2920951-441000,,US20030096822A1,,,,,,,,,
2920951-441000,,US20050106202A1,,,,,,,,,
2920951-441000,,US20100120782A1,,,,,,,,,
2920951-441000,,,,,,,,,,,
2920951-441000,,N/A,,,,,,,,,
2920951-441000,,N/A,,,,,,,,,
2920951-441000,,US2006198850A1,,,,,,,,,
2920951-441000,,N/A,,,,,,,,,
2920951-441000,,US2002081292A1,,,,,,,,,
2920951-441000,,US2003007958A1,,,,,,,,,
2920951-441000,,No US publicaiton,,,,,,,,,
2920951-441000,,No US publicaiton,,,,,,,,,
2920951-441000,,No US publicaiton,,,,,,,,,
2920951-441000,,US2008/0027011,,,,,,,,,
2920951-441000,,US2002/0045598,,,,,,,,,
2920951-441000,,No US national phase entry,,,,,,,,,
2920951-441000,,US2005/0158367,,,,,,,,,
2920951-441000,,US20160008436A1,,,,,,,,,
2920951-441000,,US2002/0045653,,,,,,,,,
2920951-441000,,US20160008471,,,,,,,,,
2920951-441000,,US20220202938,,,,,,,,,
2920951-441000,,N/A,,,,,,,,,
2920951-441000,,No US national phase entry,,,,,,,,,
2920951-441000,,"Only entered Australia, GB, New Zealand, and Brazil",,,,,,,,,
2920951-441000,,N/A,,,,,,,,,
2920951-441000,,N/A,,,,,,,,,
2920951-441000,,N/A,,,,,,,,,
2920951-441000,,N/A,,,,,,,,,
2920951-441000,,US20110144046,,,,,,,,,
2920951-441000,,US20150190417A1,,,,,,,,,
2920951-441000,,US20160184223A1,,,,,,,,,
2920951-441000,,US20160347829A1,,,,,,,,,
2920951-441000,,N/A,,,,,,,,,
2920951-441000,,US20130197006A1,,,,,,,,,
2920951-441000,,US20150342889A1,,,,,,,,,
2920951-441000,,US20200113823A1,,,,,,,,,
2920951-441000,,US20110015153,,,,,,,,,
2920951-441000,,US20090036498,,,,,,,,,
2920951-441000,,US20150164816,,,,,,,,,
2920951-441000,,US20170216216,,,,,,,,,
2920951-441000,,US20220226393A1,,,,,,,,,
2920951-441000,,US20070190130,,,,,,,,,
2920951-441000,,US20110165237,,,,,,,,,
2920951-441000,,US20060287257,,,,,,,,,
2920951-441000,,US20060228399,,,,,,,,,
2920951-441000,,US20180207093A1,,,,,,,,,
2920951-441000,,US20090011007,,,,,,,,,
2920951-441000,,EP20824454.1 - Pending in EPO; No US national phase entry,,,,,,,,,
2920951-441000,,Only entered national phase in Brazil and Argentina,,,,,,,,,
2920951-441000,,N/A,,,,,,,,,
2920951-441000,,US20150231069,,,,,,,,,
2920951-441000,,No US national stage entry,,,,,,,,,
2920951-441000,,N/A,,,,,,,,,
2920951-441000,,US20130225412,,,,,,,,,
2920951-441000,,No US national stage entry - only entered nat'l stage in Brazil,,,,,,,,,
2920951-441000,,US20130023488A1,,,,,,,,,
2920951-441000,,US20110117014A1,,,,,,,,,
2920951-441000,,US20140086833A1,,,,,,,,,
2920951-441000,,US20160287728A1,,,,,,,,,
2920951-441000,,US20130052250,,,,,,,,,
2920951-441000,,US20170333601A1,,,,,,,,,
2920951-441000,,US20170340779,,,,,,,,,
2920951-441000,,US20180361010,,,,,,,,,
2920951-441000,,US20200324014A1,,,,,,,,,
2920951-441000,,US20120277249A1,,,,,,,,,
2920951-441000,,US20160346278A1,,,,,,,,,
2920951-441000,,US20170172971A1,,,,,,,,,
2920951-441000,,US20180296556A1,,,,,,,,,
2920951-441000,,US20200147076A1,,,,,,,,,
2920951-441000,,US20230017661,,,,,,,,,
2920951-441000,,US20050032718A1,,,,,,,,,
2920951-441000,,US20050032719A1,,,,,,,,,
2920951-441000,,No national phase entries yet,,,,,,,,,
2920951-441000,,US20130059795A1,,,,,,,,,
2920951-441000,,US20170202968,,,,,,,,,
2920951-441000,,US20020035061,,,,,,,,,
2920951-441000,,US20030232750A1,,,,,,,,,
2920951-441000,,US20110150780,,,,,,,,,
2920951-441000,,US20220153833,,,,,,,,,
2920951-441000,,N/A,,,,,,,,,
2920951-441000,,US20220387391A1,,,,,,,,,
2920951-441000,,US20080171709A1,,,,,,,,,
2920951-441000,,US20080171768A1,,,,,,,,,
2920951-441000,,US20060141009A1,,,,,,,,,
2920951-441000,,US20230000774A1,,,,,,,,,
2920951-441000,,N/A,,,,,,,,,
2920951-441000,,N/A,,,,,,,,,
2920951-441000,,N/A,,,,,,,,,
2920951-441000,,N/A,,,,,,,,,
2920951-441000,,US20100113359,,,,,,,,,
2920951-441000,,US20140199296A1,,,,,,,,,
2920951-441000,,US20170189425A1,,,,,,,,,
2920951-441000,,US20180271883A1,,,,,,,,,
2920951-441000,,US20210252024,,,,,,,,,
2920951-441000,,US20060264423,,,,,,,,,
2920951-441000,,US20140079798A1,,,,,,,,,
2920951-441000,,US20140079800A1,,,,,,,,,
2920951-441000,,US20140079799A1,,,,,,,,,
2920951-441000,,Granted before publication,,,,,,,,,
2920951-441000,,US20140356448A1,,,,,,,,,
2920951-441000,,US20140363518A1,,,,,,,,,
2920951-441000,,US20150086645A1,,,,,,,,,
2920951-441000,,US20150099006A1,,,,,,,,,
2920951-441000,,US20150182562A1,,,,,,,,,
2920951-441000,,US20150196607A1,,,,,,,,,
2920951-441000,,US20150359825A1,,,,,,,,,
2920951-441000,,US20150359826A1,,,,,,,,,
2920951-441000,,US20160120913A1,,,,,,,,,
2920951-441000,,US20160120914A1,,,,,,,,,
2920951-441000,,US20160331789A1,,,,,,,,,
2920951-441000,,US20160331790A1,,,,,,,,,
2920951-441000,,US20170239301A1,,,,,,,,,
2920951-441000,,US20050203322,,,,,,,,,
2920951-441000,,US20050250970A1,,,,,,,,,
2920951-441000,,US20060142624A1,,,,,,,,,
2920951-441000,,No US national phase entry,,,,,,,,,
2920951-441000,,US20200399675A1,,,,,,,,,
2920951-441000,,US20080293645,,,,,,,,,
2920951-441000,,US20130243886A1,,,,,,,,,
2920951-441000,,US20160082073A1,,,,,,,,,
2920951-441000,,US20200282014,,,,,,,,,
2920951-441000,,US20220241368,,,,,,,,,
2920951-441000,,US20210361666,,,,,,,,,
2920951-441000,,Abandoned,,,,,,,,,
2920951-441000,,US20190016686,,,,,,,,,
2920951-441000,,US20180340034A1,,,,,,,,,
2920951-441000,,US20220143005,,,,,,,,,
2920951-441000,,Abandoned,,,,,,,,,
2920951-441000,,US20190290474,,,,,,,,,
2920951-441000,,US20110059175,,,,,,,,,
2920951-441000,,US20070026056,,,,,,,,,
2920951-441000,,Abandoned,,,,,,,,,
2920951-441000,,US20110105976,,,,,,,,,
2920951-441000,,N/A,,,,,,,,,
2920951-441000,,US20100304998,,,,,,,,,
2920951-441000,,US20050186272,,,,,,,,,
2920951-441000,,US20180243333A1,,,,,,,,,
2920951-441000,,US20210220393,,,,,,,,,
2920951-441000,,US20060068020,,,,,,,,,
2920951-441000,,US20060067954,,,,,,,,,
2920951-441000,,US20040180034,,,,,,,,,
2920951-441000,,US20090098200A1,,,,,,,,,
2920951-441000,,US20160220505,,,,,,,,,
2920951-441000,,US20210283093,,,,,,,,,
2920951-441000,,US20120134975,,,,,,,,,
2920951-441000,,Entered national phase only in GB and Australia,,,,,,,,,
2920951-441000,,US20190269765,,,,,,,,,
2920951-441000,,US20230190894,,,,,,,,,
2920951-441000,,US20140348787,,,,,,,,,
2920951-441000,,US20140371179,,,,,,,,,
2920951-441000,,US20160193151,,,,,,,,,
2920951-441000,,US20130046019,,,,,,,,,
2920951-441000,,US20150359764,,,,,,,,,
2920951-441000,,US20050084490,,,,,,,,,
2920951-441000,,US20040077601,,,,,,,,,
2920951-441000,,US20140323559A1,,,,,,,,,
2920951-441000,,US20020004486 A1,,,,,,,,,
2920951-441000,,US20020028780 A1,,,,,,,,,
2920951-441000,,US20060239928A1,,,,,,,,,
2920951-441000,,US20120289470A1,,,,,,,,,
2920951-441000,,US20070128239A1,,,,,,,,,
2920951-441000,,US2008306138,,,,,,,,,
2920951-441000,,US20100087497A1,,,,,,,,,
2920951-441000,,US20110294751A1,,,,,,,,,
2920951-441000,,US20160051524A1,,,,,,,,,
2920951-441000,,US20080188556,,,,,,,,,
2920951-441000,,US20080146640A1,,,,,,,,,
2920951-441000,,US20110039794A1,,,,,,,,,
2920951-441000,,US20120052108A1,,,,,,,,,
2920951-441000,,US20120196821A1,,,,,,,,,
2920951-441000,,US20130090296A1,,,,,,,,,
2920951-441000,,No US national stage entry,,,,,,,,,
2920951-441000,,US20070042013A1,,,,,,,,,
2920951-441000,,US20100125089A1,,,,,,,,,
2920951-441000,,US20100266628A1,,,,,,,,,
2920951-441000,,US20130143956A1,,,,,,,,,
2920951-441000,,US20200011856A1,,,,,,,,,
2920951-441000,,No US national stage entry,,,,,,,,,
2920951-441000,,No US national stage entry,,,,,,,,,
2920951-441000,,N/A,,,,,,,,,
2920951-441000,,N/A,,,,,,,,,
2920951-441000,,N/A,,,,,,,,,
2920951-441000,,N/A,,,,,,,,,
2920951-441000,,N/A,,,,,,,,,
2920951-441000,,N/A,,,,,,,,,
2920951-441000,,No US national stage entry,,,,,,,,,
2920951-441000,,No US national stage entry,,,,,,,,,
2920951-441000,,No US national stage entry,,,,,,,,,
2920951-441000,,N/A,,,,,,,,,
2920951-441000,,"No US national stage entry (entered EP, Canada, Denmark, and Chile)",,,,,,,,,
2920951-441000,,No US national stage entry,,,,,,,,,
2920951-441000,,US20180155339A1,,,,,,,,,
2920951-441000,,US20170320873A1,,,,,,,,,
2920951-441000,,US20050226908A1,,,,,,,,,
2920951-441000,,US20210030776A1,,,,,,,,,
2920951-441000,,N/A,,,,,,,,,
2920951-441000,,N/A,,,,,,,,,
2920951-441000,,US20090264479,,,,,,,,,
2920951-441000,,US20100305056A1,,,,,,,,,
2920951-441000,,US20130244962A1,,,,,,,,,
2920951-441000,,US20120101053A1,,,,,,,,,
2920951-441000,,US20180251428A1,,,,,,,,,
2920951-441000,,Abandoned,,,,,,,,,
2920951-441000,,No US nat'l phase entry,,,,,,,,,
2920951-441000,,US2020/0061637A1,,,,,,,,,
2920951-441000,,US20200030797A1,,,,,,,,,
2920951-441000,,Pending,,,,,,,,,
2920951-441000,,Pending,,,,,,,,,
2920951-441000,,Pending,,,,,,,,,
2920951-441000,,Pending,,,,,,,,,
2920951-441000,,Pending,,,,,,,,,
2920951-441000,,Pending,,,,,,,,,
2920951-441000,,Pending,,,,,,,,,
2920951-441000,,Pending,,,,,,,,,
2920951-441000,,Pending,,,,,,,,,
2920951-441000,,Pending,,,,,,,,,
2920951-441000,,Pending,,,,,,,,,
2920951-441000,,Pending,,,,,,,,,
2920951-441000,,Pending,,,,,,,,,
2920951-441000,,Pending,,,,,,,,,
2920951-441000,Y,US9226928B2,,,,,,,,,
2920951-441000,Y,Pending,,,,,,,,,
2920951-441000,Y,No US national phase entry,,,,,,,,,
2920951-441000,Y,Pending,,,,,,,,,
2920951-441000,Y,Abandoned,,,,,,,,,
2920951-441000,Y,ELANCO,,,,,,,,,
2920951-441000,Y,ELANCO,,,,,,,,,
2920951-441000,Y,Abandoned,,,,,,,,,
2920951-441000,Y,US11497732B2,,,,,,,,,
2920951-441000,Y,pending,,,,,,,,,
2920951-441000,Y,US10321683B2,,,,,,,,,
2920951-441000,Y,Abandoned,,,,,,,,,
2920951-441000,Y,US9233100B2,,,,,,,,,
2920951-441000,Y,US9259417B2,,,,,,,,,
2920951-441000,Y,US9931320,,,,,,,,,
2920951-441000,Y,US10596156B2,,,,,,,,,
2920951-441000,Y,US9180121B2,,,,,,,,,
2920951-441000,Y,US9877950B2,,,,,,,,,
2920951-441000,Y,US10383854B2,,,,,,,,,
2920951-441000,Y,US10786487B2,,,,,,,,,
2920951-441000,Y,Pending,,,,,,,,,
2920951-441000,Y,US8466115B2,,,,,,,,,
2920951-441000,Y,No US national phase entry,,,,,,,,,
2920951-441000,Y,Pending,,,,,,,,,
2920951-441000,Y,pending at PCT,,,,,,,,,
2920951-441000,Y,Pending,,,,,,,,,
2920951-441000,Y,US8410153B2,,,,,,,,,
2920951-441000,Y,Abandoned,,,,,,,,,
2920951-441000,Y,US8957058B2,,,,,,,,,
2920951-441000,Y,US9675073,,,,,,,,,
2920951-441000,Y,US 9776994,,,,,,,,,
2920951-441000,Y,US 10287281,,,,,,,,,
2920951-441000,Y,US 9339505,,,,,,,,,
2920951-441000,Y,US 9545106,,,,,,,,,
2920951-441000,Y,US 9913471,,,,,,,,,
2920951-441000,Y,US 10869477,,,,,,,,,
2920951-441000,Y,ABANDONED,,,,,,,,,
2920951-441000,Y,US 9307766,,,,,,,,,
2920951-441000,Y,US 9204648,,,,,,,,,
2920951-441000,Y,US 9682949,,,,,,,,,
2920951-441000,Y,US 10266524,,,,,,,,,
2920951-441000,Y,US 10710991,,,,,,,,,
2920951-441000,Y,US9133172B2,,,,,,,,,
2920951-441000,Y,US9073912B2,,,,,,,,,
2920951-441000,Y,US9133172,,,,,,,,,
2920951-441000,Y,US11505548B2,,,,,,,,,
2920951-441000,Y,Pending,,,,,,,,,
2920951-441000,Y,US8415310,,,,,,,,,
2920951-441000,Y,US8735362,,,,,,,,,
2920951-441000,Y,US9609869,,,,,,,,,
2920951-441000,Y,US10206400,,,,,,,,,
2920951-441000,Y,US10750745,,,,,,,,,
2920951-441000,Y,US11357231,,,,,,,,,
2920951-441000,Y,Pending,,,,,,,,,
2920951-441000,Y,No national phase entries,,,,,,,,,
2920951-441000,Y,US9714228,,,,,,,,,
2920951-441000,Y,US8754053,,,,,,,,,
2920951-441000,Y,US10155730,,,,,,,,,
2920951-441000,Y,Abandoned,,,,,,,,,
2920951-441000,Y,No national phase entries,,,,,,,,,
2920951-441000,Y,US8895587,,,,,,,,,
2920951-441000,Y,Abandoned,,,,,,,,,
2920951-441000,Y,No national phase entries,,,,,,,,,
2920951-441000,Y,US9078444,,,,,,,,,
2920951-441000,Y,No national phase entries,,,,,,,,,
2920951-441000,Y,No national phase entries,,,,,,,,,
2920951-441000,Y,No national phase entries,,,,,,,,,
2920951-441000,Y,No national phase entries,,,,,,,,,
2920951-441000,Y,US10517294,,,,,,,,,
2920951-441000,Y,No national phase entries,,,,,,,,,
2920951-441000,Y,US9686988B2,,,,,,,,,
2920951-441000,Y,US9598389,,,,,,,,,
2920951-441000,Y,No national phase entries,,,,,,,,,
2920951-441000,Y,US10722448B2,,,,,,,,,
2920951-441000,Y,US9173870B2,,,,,,,,,
2920951-441000,Y,US9532978B2,,,,,,,,,
2920951-441000,Y,US10864195B2 ,,,,,,,,,
2920951-441000,Y,Abandoned,,,,,,,,,
2920951-441000,Y,Abandoned,,,,,,,,,
2920951-441000,Y,US9770440B2,,,,,,,,,
2920951-441000,Y,US11285101B2,,,,,,,,,
2920951-441000,Y,US11337917B2,,,,,,,,,
2920951-441000,Y,Pending,,,,,,,,,
2920951-441000,Y,Pending,,,,,,,,,
2920951-441000,Y,US9066945B2,,,,,,,,,
2920951-441000,Y,No U.S. national phase entry,,,,,,,,,
2920951-441000,Y,Pending,,,,,,,,,
2920951-441000,Y,Pending,,,,,,,,,
2920951-441000,Y,"abandoned on Dec. 23, 2022",,,,,,,,,
2920951-441000,Y,US10894783B2,,,,,,,,,
2920951-441000,Y,Pending,,,,,,,,,
2920951-441000,Y,Pending,,,,,,,,,
2920951-441000,Y,Pending,,,,,,,,,
2920951-441000,Y,Pending,,,,,,,,,
2920951-441000,Y,US10561641B2,,,,,,,,,
2920951-441000,Y,US11484528B2,,,,,,,,,
2920951-441000,Y,US10212936B2,,,,,,,,,
2920951-441000,Y,US9533961B2,,,,,,,,,
2920951-441000,Y,US9550739B2,,,,,,,,,
2920951-441000,Y,Abandoned,,,,,,,,,
2920951-441000,Y,Abandoned,,,,,,,,,
2920951-441000,Y,Abandoned,,,,,,,,,
2920951-441000,Y,No US national stage entry yet,,,,,,,,,
2920951-441000,Y,US8642636B2,,,,,,,,,
2920951-441000,Y,N/A,,,,,,,,,
2920951-441000,Y,US8618126B2,,,,,,,,,
2920951-441000,Y,US8980893B2,,,,,,,,,
2920951-441000,Y,US9376434B2,,,,,,,,,
2920951-441000,Y,US9776999B2,,,,,,,,,
2920951-441000,Y,N/A,,,,,,,,,
2920951-441000,Y,,,,,,,,,,
2920951-441000,Y,,,,,,,,,,
2920951-441000,Y,US11324220,,,,,,,,,
2920951-441000,Y,US9655884B2,,,,,,,,,
2920951-441000,Y,"Pending - Application asserts a priority date of December 20, 2013",,,,,,,,,
2920951-441000,Y,US10653675,,,,,,,,,
2920951-441000,Y,US10799483B2,,,,,,,,,
2920951-441000,Y,Pending,,,,,,,,,
2920951-441000,Y,Pending,,,,,,,,,
2920951-441000,Y,Pending,,,,,,,,,
2920951-441000,Y,Pending at PCT,,,,,,,,,
2920951-441000,Y,Pending,,,,,,,,,
2920951-441000,Y,Pending,,,,,,,,,
2920951-441000,Y,US9593126,,,,,,,,,
2920951-441000,Y,Abandoned,,,,,,,,,
2920951-441000,Y,Pending,,,,,,,,,
2920951-441000,Y,US10350196B2,,,,,,,,,
2920951-441000,Y,Abandoned,,,,,,,,,
2920951-441000,Y,Abandoned,,,,,,,,,
2920951-441000,Y,Abandoned,,,,,,,,,
2920951-441000,Y,Abandoned,,,,,,,,,
2920951-441000,Y,Pending,,,,,,,,,
2920951-441000,Y,Abandoned,,,,,,,,,
2920951-441000,Y,Abandoned,,,,,,,,,
2920951-441000,Y,US10973759,,,,,,,,,
2920951-441000,Y,Pending,,,,,,,,,
2920951-441000,Y,US10456358B2,,,,,,,,,
2920951-441000,Y,Abandoned,,,,,,,,,
2920951-441000,Y,US10272071,,,,,,,,,
2920951-441000,Y,Abandoned,,,,,,,,,
2920951-441000,Y,Abandoned,,,,,,,,,
2920951-441000,Y,11179372,,,,,,,,,
2920951-441000,Y,US11648238,,,,,,,,,
2920951-441000,Y,Pending,,,,,,,,,
2920951-441000,Y,US11530187B2,,,,,,,,,
2920951-441000,Y,US11548859,,,,,,,,,
2920951-441000,Y,No US national phase entry,,,,,,,,,
2920951-441000,Y,"Pending (published March 30, 2023)",,,,,,,,,
2920951-441000,Y,No US national phase entry,,,,,,,,,
2920951-441000,Y,US10433552,,,,,,,,,
2920951-441000,Y,US10750744,,,,,,,,,
2920951-441000,Y,No US national phase entry,,,,,,,,,
2920951-441000,Y,US10662163,,,,,,,,,
2920951-441000,Y,US11130739,,,,,,,,,
2920951-441000,Y,US8404649B2,,,,,,,,,
2920951-441000,Y,US9061013B2,,,,,,,,,
2920951-441000,Y,US11549868,,,,,,,,,
2920951-441000,Y,No US nat'l stage entry,,,,,,,,,
2920951-441000,Y,No US national phase entry yet,,,,,,,,,
2920951-441000,Y,Abandoned,,,,,,,,,
2920951-441000,Y,"10,766,970",,,,,,,,,
2920951-441000,Y,US 8541019,,,,,,,,,
2920951-441000,Y,ABANDONED,,,,,,,,,
2920951-441000,Y,US 8628794,,,,,,,,,
2920951-441000,Y,US 8962681,,,,,,,,,
2920951-441000,Y,US10570129B2,,,,,,,,,
2920951-441000,Y,Pending,,,,,,,,,
2920951-441000,Y,US9457088,,,,,,,,,
2920951-441000,Y,US9949953,,,,,,,,,
2920951-441000,Y,US10646473,,,,,,,,,
2920951-441000,Y,US9173403,,,,,,,,,
2920951-441000,Y,US9770449,,,,,,,,,
2920951-441000,Y,US6991801,,,,,,,,,
2920951-441000,Y,US7608604B2,,,,,,,,,
2920951-441000,Y,Abandoned,,,,,,,,,
2920951-441000,Y,US7902232,,,,,,,,,
2920951-441000,Y,US7514464,,,,,,,,,
2920951-441000,Y,US7960426,,,,,,,,,
2920951-441000,Y,US8084486,,,,,,,,,
2920951-441000,Y,US7622500,,,,,,,,,
2920951-441000,Y,Abandoned,,,,,,,,,
2920951-441000,Y,No U.S. nat'l phase entry,,,,,,,,,
2920951-441000,Y,US11382865,,,,,,,,,
2920951-441000,Y,US11478421,,,,,,,,,
2920951-441000,Y,US11679080,,,,,,,,,
2920951-441000,Y,No national phase entries,,,,,,,,,
2920951-441000,Y,US10226455,,,,,,,,,
2920951-441000,Y,Abandoned,,,,,,,,,
2920951-441000,Y,No US national phase entry,,,,,,,,,
2920951-441000,Y,US9016221,,,,,,,,,
2920951-441000,Y,Abandoned,,,,,,,,,
2920951-441000,Y,US8709440,,,,,,,,,
2920951-441000,Y,Abandoned,,,,,,,,,
2920951-441000,Y,Abandoned,,,,,,,,,
2920951-441000,Y,Abandoned,,,,,,,,,
2920951-441000,Y,US11103524,,,,,,,,,
2920951-441000,Y,US10143701,,,,,,,,,
2920951-441000,Y,Only nationalized in Australia and New Zealand,,,,,,,,,
2920951-441000,Y,Abandoned,,,,,,,,,
2920951-441000,Y,Abandoned,,,,,,,,,
2920951-441000,Y,Abandoned,,,,,,,,,
2920951-441000,Y,US9301525,,,,,,,,,
2920951-441000,Y,US10349655,,,,,,,,,
2920951-441000,Y,US10736319,,,,,,,,,
2920951-441000,Y,Pending,,,,,,,,,
2920951-441000,Y,US6492340,,,,,,,,,
2920951-441000,Y,US6340672,,,,,,,,,
2920951-441000,Y,Abandoned,,,,,,,,,
2920951-441000,Y,,,,,,,,,,
2920951-441000,Y,No U.S. national phase entry,,,,,,,,,
2920951-441000,Y,Pending,,,,,,,,,
2920951-441000,Y,Pending,,,,,,,,,
2920951-441000,Y,Pending,,,,,,,,,
2920951-441000,Y,11578083,,,,,,,,,
2920951-441000,Y,Abandoned,,,,,,,,,
2920951-441000,Y,N/A,,,,,,,,,
2920951-441000,Y,N/A,,,,,,,,,
2920951-441000,Y,N/A,,,,,,,,,
2920951-441000,Y,US10695331B2,,,,,,,,,
2920951-441000,Y,US9237751B2,,,,,,,,,
2920951-441000,Y,US8653128,,,,,,,,,
2920951-441000,Y,US9034912B1 (Continuation-in-part of 8653128),,,,,,,,,
2920951-441000,Y,US11253593B2,,,,,,,,,
2920951-441000,Y,Pending,,,,,,,,,
2920951-441000,Y,US7955632B2,,,,,,,,,
2920951-441000,Y,US8114455B2,,,,,,,,,
2920951-441000,Y,US8512787B2,,,,,,,,,
2920951-441000,Y,US8865240B2,,,,,,,,,
2920951-441000,Y,US9381155B2,,,,,,,,,
2920951-441000,Y,Abandoned,,,,,,,,,
2920951-441000,Y,Abandoned,,,,,,,,,
2920951-441000,Y,11559491,,,,,,,,,
2920951-441000,Y,Abandoned,,,,,,,,,
2920951-441000,Y,US10993988B2,,,,,,,,,
2920951-441000,Y,US8852648B2,,,,,,,,,
2920951-441000,Y,Abandoned,,,,,,,,,
2920951-441000,Y,US8980896B2,,,,,,,,,
2920951-441000,Y,Abandoned,,,,,,,,,
2920951-441000,Y,Abandoned,,,,,,,,,
2920951-441000,Y,Abandoned,,,,,,,,,
2920951-441000,Y,Abandoned,,,,,,,,,
2920951-441000,Y,US7563773B2,,,,,,,,,
2920951-441000,Y,US7001889B2,,,,,,,,,
2920951-441000,Y,US6893652B2,,,,,,,,,
2920951-441000,Y,US7674475B2,,,,,,,,,
2920951-441000,Y,US8241669B2,,,,,,,,,
2920951-441000,Y,,,,,,,,,,
2920951-441000,Y,N/A,,,,,,,,,
2920951-441000,Y,N/A,,,,,,,,,
2920951-441000,Y,Abandoned,,,,,,,,,
2920951-441000,Y,N/A,,,,,,,,,
2920951-441000,Y,US6489303B2,,,,,,,,,
2920951-441000,Y,US6787342B2,,,,,,,,,
2920951-441000,Y,US6165987A,,,,,,,,,
2920951-441000,Y,US6159932A,,,,,,,,,
2920951-441000,Y,US5824653A,,,,,,,,,
2920951-441000,Y,Abandoned,,,,,,,,,
2920951-441000,Y,6399786,,,,,,,,,
2920951-441000,Y,No US national phase entry,,,,,,,,,
2920951-441000,Y,Abandoned,,,,,,,,,
2920951-441000,Y,US9821028,,,,,,,,,
2920951-441000,Y,Abandoned,,,,,,,,,
2920951-441000,Y,Abandoned,,,,,,,,,
2920951-441000,Y,Pending,,,,,,,,,
2920951-441000,Y,US4867980,,,,,,,,,
2920951-441000,Y,No US national phase entry,,,,,,,,,
2920951-441000,Y,No US national phase entry,,,,,,,,,
2920951-441000,Y,US6207179,,,,,,,,,
2920951-441000,Y,US6596714,,,,,,,,,
2920951-441000,Y,US6858601,,,,,,,,,
2920951-441000,Y,US7144878,,,,,,,,,
2920951-441000,Y,Abandoned,,,,,,,,,
2920951-441000,Y,US9314478,,,,,,,,,
2920951-441000,Y,US9597285,,,,,,,,,
2920951-441000,Y,Abandoned,,,,,,,,,
2920951-441000,Y,US5036069,,,,,,,,,
2920951-441000,Y,US9744127B2,,,,,,,,,
2920951-441000,Y,US10543170,,,,,,,,,
2920951-441000,Y,US11147764,,,,,,,,,
2920951-441000,Y,Abandoned,,,,,,,,,
2920951-441000,Y,Abandoned,,,,,,,,,
2920951-441000,Y,US9649279,,,,,,,,,
2920951-441000,Y,US11541017,,,,,,,,,
2920951-441000,Y,Pending,,,,,,,,,
2920951-441000,Y,Abandoned,,,,,,,,,
2920951-441000,Y,Abandoned,,,,,,,,,
2920951-441000,Y,Abandoned,,,,,,,,,
2920951-441000,Y,US7348027,,,,,,,,,
2920951-441000,Y,"Issue fee paid on June 22, 2023; projected issue date August 15, 2023 and US patent no. 11,723,864",,,,,,,,,
2920951-441000,Y,Abandoned,,,,,,,,,
2920951-441000,Y,No US national phase entry,,,,,,,,,
2920951-441000,Y,No US national phase entry,,,,,,,,,
2920951-441000,Y,US5925374,,,,,,,,,
2920951-441000,Y,Abandoned,,,,,,,,,
2920951-441000,Y,No US national stage entry,,,,,,,,,
2920951-441000,Y,US6190591,,,,,,,,,
2920951-441000,Y,Abandoned,,,,,,,,,
2920951-441000,Y,No US national stage entry,,,,,,,,,
2920951-441000,Y,US9393221,,,,,,,,,
2920951-441000,Y,US8623322,,,,,,,,,
2920951-441000,Y,US9352059,,,,,,,,,
2920951-441000,Y,Abandoned,,,,,,,,,
2920951-441000,Y,US9675736,,,,,,,,,
2920951-441000,Y,US10300173,,,,,,,,,
2920951-441000,Y,Abandoned,,,,,,,,,
2920951-441000,Y,US10751440,,,,,,,,,
2920951-441000,Y,US11110195,,,,,,,,,
2920951-441000,Y,US9364433,,,,,,,,,
2920951-441000,Y,US9724345,,,,,,,,,
2920951-441000,Y,US10028949,,,,,,,,,
2920951-441000,Y,US10548890,,,,,,,,,
2920951-441000,Y,US11045466,,,,,,,,,
2920951-441000,Y,Pending,,,,,,,,,
2920951-441000,Y,US7396819,,,,,,,,,
2920951-441000,Y,US7396820,,,,,,,,,
2920951-441000,Y,"No national phase entries yet - 30-month date is May 30, 2024",,,,,,,,,
2920951-441000,Y,US9629888B2,,,,,,,,,
2920951-441000,Y,Abandoned,,,,,,,,,
2920951-441000,Y,US6503881,,,,,,,,,
2920951-441000,Y,US7309759,,,,,,,,,
2920951-441000,Y,Abandoned,,,,,,,,,
2920951-441000,Y,Pending,,,,,,,,,
2920951-441000,Y,US7201923,,,,,,,,,
2920951-441000,Y,Pending,,,,,,,,,
2920951-441000,Y,Abandoned,,,,,,,,,
2920951-441000,Y,Abandoned,,,,,,,,,
2920951-441000,Y,Abandoned,,,,,,,,,
2920951-441000,Y,"Pending (no US office actions yet as of August 09, 2023)",,,,,,,,,
2920951-441000,Y,US4684524,,,,,,,,,
2920951-441000,Y,US4704118,,,,,,,,,
2920951-441000,Y,DE4317449,,,,,,,,,
2920951-441000,Y,Abandoned,,,,,,,,,
2920951-441000,Y,Abandoned,,,,,,,,,
2920951-441000,Y,US9622982,,,,,,,,,
2920951-441000,Y,US10188668,,,,,,,,,
2920951-441000,Y,US11026956B2,,,,,,,,,
2920951-441000,Y,Pending,,,,,,,,,
2920951-441000,Y,Abandoned,,,,,,,,,
2920951-441000,Y,US8685462,,,,,,,,,
2920951-441000,Y,US8784896,,,,,,,,,
2920951-441000,Y,US8790711,,,,,,,,,
2920951-441000,Y,US8501241,,,,,,,,,
2920951-441000,Y,US8932642,,,,,,,,,
2920951-441000,Y,US8962034,,,,,,,,,
2920951-441000,Y,US9005667,,,,,,,,,
2920951-441000,Y,US9017732,,,,,,,,,
2920951-441000,Y,US9149498,,,,,,,,,
2920951-441000,Y,US9144587,,,,,,,,,
2920951-441000,Y,US9265802,,,,,,,,,
2920951-441000,Y,US9265803,,,,,,,,,
2920951-441000,Y,US9433648,,,,,,,,,
2920951-441000,Y,US9433649,,,,,,,,,
2920951-441000,Y,US9480720,,,,,,,,,
2920951-441000,Y,US9597361,,,,,,,,,
2920951-441000,Y,US10064897,,,,,,,,,
2920951-441000,Y,US6974788,,,,,,,,,
2920951-441000,Y,US7041863,,,,,,,,,
2920951-441000,Y,US7563937,,,,,,,,,
2920951-441000,Y,No US national phase entry,,,,,,,,,
2920951-441000,Y,Pending,,,,,,,,,
2920951-441000,Y,Abandoned,,,,,,,,,
2920951-441000,Y,US10265373,,,,,,,,,
2920951-441000,Y,US9549965,,,,,,,,,
2920951-441000,Y,Abandoned,,,,,,,,,
2920951-441000,Y,Pending,,,,,,,,,
2920951-441000,Y,Pending,,,,,,,,,
2920951-441000,Y,Abandoned,,,,,,,,,
2920951-441000,Y,Abandoned,,,,,,,,,
2920951-441000,Y,US10844154,,,,,,,,,
2920951-441000,Y,Pending,,,,,,,,,
2920951-441000,Y,Abandoned,,,,,,,,,
2920951-441000,Y,Pending,,,,,,,,,
2920951-441000,Y,Abandoned,,,,,,,,,
2920951-441000,Y,Abandoned,,,,,,,,,
2920951-441000,Y,Abandoned,,,,,,,,,
2920951-441000,Y,Abandoned,,,,,,,,,
2920951-441000,Y,US6383471,,,,,,,,,
2920951-441000,Y,Abandoned,,,,,,,,,
2920951-441000,Y,US7767228,,,,,,,,,
2920951-441000,Y,US10940163,,,,,,,,,
2920951-441000,Y,Pending,,,,,,,,,
2920951-441000,Y,Abandoned,,,,,,,,,
2920951-441000,Y,Abandoned,,,,,,,,,
2920951-441000,Y,Abandoned,,,,,,,,,
2920951-441000,Y,US9254268,,,,,,,,,
2920951-441000,Y,Abandoned,,,,,,,,,
2920951-441000,Y,Abandoned,,,,,,,,,
2920951-441000,Y,Abandoned,,,,,,,,,
2920951-441000,Y,Pending only in Australia,,,,,,,,,
2920951-441000,Y,Abandoned,,,,,,,,,
2920951-441000,Y,Pending,,,,,,,,,
2920951-441000,Y,Abandoned,,,,,,,,,
2920951-441000,Y,Abandoned,,,,,,,,,
2920951-441000,Y,Abandoned,,,,,,,,,
2920951-441000,Y,Abandoned,,,,,,,,,
2920951-441000,Y,Abandoned,,,,,,,,,
2920951-441000,Y,Abandoned,,,,,,,,,
2920951-441000,Y,Abandoned,,,,,,,,,
2920951-441000,Y,US9044453B2,,,,,,,,,
2920951-441000,Y,US6552002,,,,,,,,,
2920951-441000,Y,US6797701,,,,,,,,,
2920951-441000,Y,US8097614B2,,,,,,,,,
2920951-441000,Y,US8940271B2,,,,,,,,,
2920951-441000,Y,US7687471B2,,,,,,,,,
2920951-441000,Y,Abandoned,,,,,,,,,
2920951-441000,Y,US9283176B2,,,,,,,,,
2920951-441000,Y,US8551962B2,,,,,,,,,
2920951-441000,Y,US10307405B2,,,,,,,,,
2920951-441000,Y,"US8,084,643",,,,,,,,,
2920951-441000,Y,US8044230B2,,,,,,,,,
2920951-441000,Y,Abandoned,,,,,,,,,
2920951-441000,Y,US9345686B2,,,,,,,,,
2920951-441000,Y,Abandoned,,,,,,,,,
2920951-441000,Y,Abandoned,,,,,,,,,
2920951-441000,Y,No US national stage entry,,,,,,,,,
2920951-441000,Y,US8362086,,,,,,,,,
2920951-441000,Y,US8461176B2,,,,,,,,,
2920951-441000,Y,US8313752B2,,,,,,,,,
2920951-441000,Y,US8715711B2,,,,,,,,,
2920951-441000,Y,Pending,,,,,,,,,
2920951-441000,Y,No US national stage entry,,,,,,,,,
2920951-441000,Y,"No US national stage entry yet; 30-month date is November 4, 2023",,,,,,,,,
2920951-441000,Y,4831017,,,,,,,,,
2920951-441000,Y,4853372,,,,,,,,,
2920951-441000,Y,5070015,,,,,,,,,
2920951-441000,Y,5290804,,,,,,,,,
2920951-441000,Y,5411737,,,,,,,,,
2920951-441000,Y,5837228,,,,,,,,,
2920951-441000,Y,No US national stage entry,,,,,,,,,
2920951-441000,Y,No US national stage entry,,,,,,,,,
2920951-441000,Y,No US national stage entry,,,,,,,,,
2920951-441000,Y,US5211951,,,,,,,,,
2920951-441000,Y,Pending at EPO,,,,,,,,,
2920951-441000,Y,No US national stage entry,,,,,,,,,
2920951-441000,Y,US10160758,,,,,,,,,
2920951-441000,Y,US9932337B2,,,,,,,,,
2920951-441000,Y,Abandoned,,,,,,,,,
2920951-441000,Y,US11583545,,,,,,,,,
2920951-441000,Y,"US 4,001,411",,,,,,,,,
2920951-441000,Y,"US 4,051,243",,,,,,,,,
2920951-441000,Y,US8642799,,,,,,,,,
2920951-441000,Y,US10273213B2,,,,,,,,,
2920951-441000,Y,"Granted in Russia; pending in Canada, Japan, Chile, Denmark",,,,,,,,,
2920951-441000,Y,US11628452B2,,,,,,,,,
2920951-441000,Y,US11654431B2,,,,,,,,,
